ID_INGREDIENT;ID_COCKTAIL;Quantite;Ordre
181;1;15;4
167;1;15;3
166;1;15;2
218;1;2;1
136;1142;2;6
176;1142;25;5
56;2;4;3
172;3;10;5
178;3;5;4
166;3;20;3
162;3;20;2
35;3;3;1
101;636;8;11
171;4;15;5
181;4;15;4
166;4;15;3
874;4;2;2
169;5;15;4
275;5;3;3
237;5;1;2
53;5;2;1
387;1149;1;8
448;1149;1;7
171;6;20;5
167;6;20;4
181;6;20;3
706;7;10;3
166;7;30;2
177;7;20;1
98;443;2;6
860;660;1;6
171;8;20;5
181;8;15;4
167;8;10;3
50;8;2;2
134;1370;2;6
67;8;2;1
387;1148;1;7
16;1149;1;6
178;9;10;4
180;9;20;3
168;10;15;4
177;10;25;3
176;10;15;2
438;1078;1;7
67;10;4;1
16;1148;1;6
448;1148;1;5
181;11;20;5
166;11;20;4
171;11;10;3
167;12;15;3
181;12;33;2
43;12;3;1
171;13;10;5
167;13;15;4
181;13;20;3
50;13;2;2
44;13;2;1
172;14;15;5
181;14;20;4
162;14;10;3
55;14;2;2
67;14;2;1
177;15;25;3
168;15;25;2
706;15;10;1
68;539;2;5
171;16;30;3
275;739;3;4
175;16;40;2
416;739;5;3
32;16;4;1
171;17;15;5
167;17;15;4
181;17;15;3
67;17;2;2
32;17;2;1
171;18;10;5
166;18;20;4
459;18;15;3
651;1076;1;7
39;18;4;2
218;18;4;1
166;19;15;4
181;19;15;3
177;19;15;2
218;19;4;1
167;20;15;4
172;20;15;3
166;20;20;2
35;20;4;1
176;21;15;4
167;21;15;3
166;21;20;2
40;21;4;1
115;453;4;2
171;22;10;4
176;22;15;3
166;22;25;2
35;22;4;1
387;1150;1;6
448;1150;1;5
171;23;15;3
56;1377;2;3
387;1147;1;7
175;24;15;3
136;910;2;3
459;25;10;4
175;25;20;3
162;25;20;2
68;25;4;1
176;26;15;4
167;26;20;3
178;26;10;2
49;26;4;1
53;40;3;3
167;27;20;5
171;27;20;4
459;27;20;3
877;28;1;3
175;28;20;2
132;817;4;1
83;1527;1;1
68;28;4;1
30;29;4;4
459;29;20;3
166;29;20;2
162;29;10;1
706;30;5;3
181;30;25;2
167;30;25;1
706;905;10;4
181;31;15;3
859;31;1;2
60;31;4;1
448;1147;1;6
448;492;1;5
861;32;1;4
47;32;4;3
177;32;25;2
275;32;4;1
166;1146;25;3
16;1147;1;5
162;33;10;5
166;33;25;4
167;33;15;3
459;34;15;3
166;34;33;2
44;34;3;1
862;35;1;4
177;35;15;3
166;35;15;2
68;35;2;1
448;1443;1;5
30;36;4;4
168;36;15;3
166;36;20;2
162;36;10;1
162;37;25;5
154;37;2;4
181;38;15;4
166;38;20;3
180;38;15;2
55;38;2;1
159;39;1;3
181;39;15;2
50;39;4;1
175;40;30;2
867;40;40;1
459;47;10;3
172;41;20;4
154;41;2;3
275;41;4;2
458;41;4;1
237;719;1;6
275;42;4;4
53;42;2;3
32;42;2;2
21;42;1;1
167;43;15;4
176;43;15;3
459;43;10;2
43;43;4;1
752;44;1;4
154;44;2;3
275;44;3;2
57;44;3;1
166;45;30;4
181;45;15;3
133;1076;3;4
39;45;4;2
47;45;4;1
166;46;15;4
175;46;25;3
171;46;10;2
47;46;4;1
178;47;20;2
867;47;30;1
868;1068;1;2
158;48;2;3
168;48;25;2
47;48;4;1
172;49;15;3
43;1075;2;2
237;49;1;2
46;49;2;1
172;50;25;3
237;50;1;2
68;50;3;1
40;1234;30;1
459;51;15;3
178;51;25;2
46;51;4;1
167;52;20;4
176;52;20;3
180;52;20;2
53;52;4;1
48;53;4;4
172;53;30;3
171;53;10;2
162;53;10;1
459;54;20;4
180;54;10;3
178;54;10;2
57;54;4;1
48;55;4;3
176;55;20;2
50;847;2;1
154;55;2;1
154;56;2;2
35;56;4;1
15;1150;8;1
169;57;15;3
159;57;1;2
706;57;5;1
162;58;15;3
150;58;2;2
235;58;3;1
48;59;4;3
459;59;20;2
175;59;20;1
571;916;2;1
166;60;40;3
68;60;2;2
35;60;2;1
102;109;2;1
17;61;2;1
677;835;1;1
13;862;3;1
62;1266;2;1
102;1267;2;3
646;1267;2;2
277;1267;5;1
68;63;4;1
172;63;20;3
150;63;2;2
180;64;20;3
158;64;2;2
33;64;4;1
438;1267;1;8
651;1267;1;7
98;1267;2;6
17;1268;1;4
175;66;20;3
159;66;1;2
38;66;4;1
30;67;2;5
166;67;30;3
180;67;30;3
40;67;2;2
175;68;15;3
411;68;2;2
35;68;4;1
891;960;1;9
446;960;1;8
177;69;20;3
651;960;1;7
17;69;2;2
52;69;4;1
166;70;20;3
438;708;1;8
17;70;2;2
32;70;4;1
162;1309;15;5
181;342;15;3
171;71;5;4
17;71;2;3
181;72;20;3
17;72;2;2
171;1264;10;14
33;72;4;1
175;73;15;5
17;73;2;4
275;73;4;3
50;73;2;2
68;73;2;1
176;74;25;4
17;74;2;3
275;74;3;2
52;74;3;1
868;75;1;3
17;75;2;2
38;75;4;1
98;1308;3;5
448;668;1;8
171;76;10;4
162;76;30;3
172;1266;25;6
171;1083;4;7
76;1266;3;5
646;1266;2;4
2;1266;2;3
133;1266;3;2
30;78;2;4
166;78;50;3
40;78;2;2
460;1083;1;6
275;78;4;1
448;79;1;4
16;79;1;3
48;369;2;1
140;79;2;2
166;80;15;4
181;80;15;3
706;80;10;2
40;80;2;1
862;81;1;4
166;81;25;3
133;1083;3;4
40;81;2;2
459;1082;10;5
11;1149;2;5
64;1149;3;4
40;82;3;3
23;83;10;7
17;83;1;6
130;83;3;5
76;83;3;4
122;83;2;3
136;83;2;2
35;83;2;1
134;84;2;7
23;84;15;6
17;84;1;5
139;84;2;4
109;84;2;3
82;84;2;2
235;84;2;1
134;85;2;5
17;85;1;4
39;85;2;3
109;85;3;2
84;85;5;1
154;86;1;6
76;86;5;5
133;86;3;4
111;86;2;3
108;86;2;2
35;86;2;1
166;87;5;7
17;87;1;6
677;862;1;4
571;865;10;1
275;87;4;5
133;87;3;4
76;87;4;3
111;87;1;2
108;87;2;1
134;88;2;6
17;88;1;5
76;88;4;4
84;88;4;3
82;88;2;2
32;88;2;1
136;89;2;6
154;89;1;5
132;89;3;4
139;89;3;3
96;89;1;2
49;89;2;1
17;90;1;4
109;90;3;3
130;90;3;2
111;90;3;1
17;91;1;6
39;91;2;5
216;1082;1;3
646;91;2;4
132;91;3;3
133;91;5;2
110;91;2;1
30;92;1;6
166;92;33;5
27;92;3;4
82;92;3;3
130;92;2;2
136;92;2;1
134;93;2;8
23;93;25;7
17;93;1;6
110;93;2;5
76;93;2;4
18;93;2;3
132;93;2;2
35;93;2;1
177;94;33;7
109;94;2;7
130;94;2;6
132;94;2;5
82;94;2;4
76;94;2;3
27;94;2;2
225;94;2;1
17;95;1;8
134;95;2;7
23;95;15;6
76;95;3;5
82;95;2;4
96;95;1;3
2;95;2;2
55;95;2;1
271;1082;7;2
98;96;2;6
166;96;23;5
132;96;5;4
15;96;3;3
275;96;3;2
43;96;2;1
269;97;2;6
166;97;33;5
113;97;2;4
102;97;3;3
18;97;3;2
111;97;2;1
102;1407;2;2
177;98;33;5
275;98;4;4
169;104;3;4
76;98;6;3
122;98;4;2
44;98;2;1
166;99;33;4
103;99;4;3
109;99;4;2
1;99;4;1
16;100;1;6
140;100;1;5
133;1073;2;2
271;100;2;4
637;100;2;3
106;100;2;2
76;100;3;1
103;101;5;3
158;101;1;2
109;101;5;1
172;102;66;8
98;102;2;7
84;102;4;6
123;102;3;5
134;102;3;4
136;102;3;3
76;102;3;2
35;102;3;1
82;103;4;3
13;103;4;2
83;103;4;1
17;104;1;3
76;104;10;2
43;104;2;1
171;105;20;6
76;105;6;5
110;105;2;4
108;105;2;3
133;105;2;2
39;105;2;1
1;863;15;1
136;868;4;2
133;106;8;6
76;106;8;5
132;106;4;4
27;106;3;3
96;106;2;2
76;916;3;2
235;106;3;1
171;107;5;4
17;107;1;3
76;107;10;2
35;107;2;1
166;108;33;8
177;108;33;7
130;108;3;6
136;108;3;5
76;108;3;4
18;108;3;3
132;108;3;2
1;108;3;1
166;109;33;6
27;109;4;5
130;109;4;4
96;109;2;3
1;109;2;2
868;61;1;2
172;110;25;7
76;110;4;6
132;110;2;5
130;110;2;4
123;110;1;3
100;110;2;2
35;110;2;1
13;111;2;1
103;111;2;7
166;111;33;6
76;111;5;5
132;111;2;4
109;111;2;3
28;111;2;2
23;112;15;7
17;112;1;6
132;112;3;5
133;112;3;4
123;112;2;3
130;112;3;2
43;112;2;1
23;113;15;5
17;113;1;4
76;113;7;3
133;113;3;2
68;113;3;1
17;114;1;5
132;114;4;4
109;114;3;3
102;114;2;2
43;114;2;1
171;115;25;7
39;115;2;6
166;121;33;4
43;115;4;5
27;115;5;4
76;115;5;3
18;115;2;2
132;115;2;1
98;116;2;7
181;116;33;6
27;116;3;5
76;116;3;4
113;116;2;3
130;116;3;2
47;116;2;1
181;117;20;7
96;117;2;6
130;117;2;5
27;117;4;4
82;117;4;3
46;117;2;2
49;117;2;1
167;118;15;7
180;118;15;6
84;118;2;5
133;118;3;4
27;118;3;3
113;118;2;2
55;118;2;1
98;119;2;6
181;119;33;5
76;119;5;4
132;119;3;3
101;119;2;2
130;119;2;1
171;120;5;6
17;120;1;5
108;120;2;4
116;120;2;3
76;120;5;2
35;120;2;1
130;121;5;3
109;121;5;2
111;121;2;1
448;521;1;6
159;122;1;6
704;122;2;5
27;122;4;4
571;122;3;3
133;122;2;2
67;122;2;1
154;123;1;7
136;123;2;6
76;123;2;5
102;123;2;4
101;123;2;3
130;123;2;2
44;123;2;1
98;124;1;7
158;124;1;6
102;124;2;5
46;124;2;4
76;124;6;3
119;124;1;2
110;124;1;1
237;1082;1;4
17;125;1;7
130;125;2;6
76;125;5;5
122;125;2;4
133;125;3;3
39;125;2;2
68;125;2;1
134;126;2;6
17;126;1;5
76;126;5;4
275;1081;4;5
133;126;3;3
275;126;4;2
111;126;2;1
30;127;2;6
177;127;33;5
27;127;4;4
18;127;2;3
76;127;4;2
130;127;2;1
158;128;1;5
171;134;10;6
39;128;2;4
2;128;2;3
132;128;6;2
47;128;2;1
171;129;20;6
76;129;3;5
136;129;2;4
130;129;3;3
102;129;2;2
44;129;2;1
133;130;4;3
13;130;3;2
136;130;2;1
12;131;2;4
878;131;1;3
106;131;5;2
271;131;5;1
62;906;2;3
16;132;1;7
140;132;1;6
83;132;2;5
102;132;2;4
13;132;2;3
271;132;3;2
108;133;2;6
17;133;1;5
130;133;3;4
132;133;3;3
39;133;2;2
136;133;2;1
175;134;20;5
76;134;5;4
101;134;2;3
1;134;3;2
35;134;2;1
438;1063;1;10
159;135;1;5
2;135;2;4
132;135;3;3
133;135;3;2
218;135;2;1
158;136;1;3
122;136;5;2
130;136;5;1
167;137;15;6
181;137;15;5
1;137;2;4
109;137;2;3
133;137;2;2
27;137;6;1
133;1300;2;2
130;138;2;4
177;138;33;3
1;1408;10;3
33;1408;2;2
109;138;2;2
277;138;10;1
30;139;2;7
158;139;1;6
123;139;2;5
139;139;2;4
84;139;3;3
76;139;3;2
136;139;2;1
30;140;2;7
175;140;15;6
181;140;15;5
133;140;3;4
76;140;3;3
27;140;2;2
132;140;2;1
98;141;4;5
84;141;10;4
18;141;10;3
133;141;10;2
130;623;2;6
67;1504;2;1
68;141;3;1
171;142;10;7
43;171;2;1
27;142;5;6
84;142;5;5
76;142;10;4
132;142;3;3
82;142;3;2
109;1303;2;2
446;919;1;8
67;875;2;1
308;143;10;4
109;143;3;3
1;143;5;2
27;143;5;1
21;373;1;1
134;144;3;7
132;144;5;6
84;144;10;5
76;144;10;4
82;144;4;3
130;144;4;2
35;144;3;1
23;145;15;9
17;145;1;8
132;145;2;7
76;145;2;6
27;145;2;5
110;145;2;4
139;145;2;3
275;145;4;2
44;145;2;1
98;146;2;7
175;146;14;6
23;146;15;5
17;146;1;4
103;862;8;3
1;862;14;2
277;146;5;3
133;146;2;2
46;146;2;1
159;632;2;7
158;147;1;5
76;147;8;4
133;147;3;3
130;147;2;2
137;147;2;1
132;148;2;6
76;148;5;5
133;148;5;4
269;148;2;3
571;148;2;2
62;148;2;1
21;468;1;1
39;149;2;4
97;149;3;3
136;153;2;1
76;149;7;2
21;149;1;1
134;150;1;7
17;150;1;6
137;150;2;5
132;150;3;4
15;150;3;3
46;150;2;2
136;150;2;1
84;151;3;2
136;151;2;1
134;151;2;6
17;151;1;5
139;151;2;4
133;151;3;3
167;152;20;5
76;152;6;4
97;152;2;3
91;907;6;4
108;152;2;2
38;152;1;1
154;153;1;6
132;153;3;5
133;153;3;4
130;153;3;3
275;153;4;2
177;154;5;7
23;154;15;6
17;154;1;5
103;154;3;4
133;154;2;3
233;906;1;8
154;155;1;7
416;161;2;8
234;155;2;6
64;155;2;5
39;155;4;4
133;155;2;3
271;155;4;2
134;156;2;6
150;156;1;5
76;753;40;3
76;156;2;4
18;156;2;3
132;156;2;2
136;156;2;1
110;157;2;5
154;157;1;4
175;157;5;3
84;157;7;2
68;157;2;1
651;158;1;6
177;158;25;5
131;158;2;4
27;158;7;3
122;158;3;2
868;159;1;6
36;159;2;5
132;159;2;4
102;159;2;3
133;159;3;2
91;159;3;1
17;160;1;5
76;160;4;4
122;160;3;3
100;160;2;2
44;160;2;1
167;161;20;7
76;161;5;6
102;161;2;5
413;875;6;3
27;161;10;4
97;161;3;3
133;161;3;2
55;161;3;1
176;162;15;6
180;162;15;5
76;162;5;4
130;162;3;3
96;162;2;2
32;162;2;1
878;163;1;4
134;163;3;3
137;163;3;2
76;163;6;1
166;164;15;5
177;164;15;4
27;164;8;3
97;164;2;2
108;1300;2;5
43;164;3;1
134;165;2;5
237;165;1;4
275;853;4;4
27;165;3;3
86;165;2;2
68;165;2;1
378;166;1;5
20;166;1;4
133;166;3;3
17;167;1;7
39;746;50;2
132;167;2;6
133;167;2;5
76;167;4;4
136;167;2;3
96;167;1;2
108;167;2;1
154;168;1;5
76;168;4;4
82;168;4;3
122;168;2;2
100;168;2;1
154;169;1;5
76;169;4;4
122;169;4;3
130;169;4;2
44;169;2;1
167;170;20;8
178;170;10;7
134;916;2;6
96;170;2;6
113;170;2;5
27;170;2;4
130;170;2;3
131;170;2;2
40;170;2;1
891;171;1;4
17;171;1;3
76;171;10;2
98;172;2;6
181;172;15;5
116;172;2;4
76;172;5;3
133;172;3;2
874;172;2;1
134;173;2;8
23;173;15;7
159;173;1;6
2;173;2;5
96;173;2;4
132;173;2;3
133;173;2;2
68;173;2;1
177;174;60;11
115;174;2;10
15;174;2;9
101;174;2;8
109;174;2;7
133;174;2;6
13;174;2;5
27;174;2;4
76;174;2;3
18;174;2;2
132;174;2;1
861;175;1;5
18;175;5;4
275;1506;3;3
102;1408;8;4
118;175;2;3
133;175;2;2
38;175;2;1
177;176;33;7
109;176;2;6
102;176;2;5
130;176;2;4
133;176;2;3
32;1514;4;4
177;1514;30;3
277;176;8;2
111;176;2;1
166;177;33;6
82;177;4;5
76;177;4;4
113;177;2;3
96;177;2;2
43;177;2;1
172;178;25;6
133;178;2;5
76;178;4;4
2;178;3;3
39;178;4;2
44;178;2;1
159;179;1;5
27;179;4;4
84;179;2;3
133;179;4;2
68;179;2;1
23;180;15;8
17;180;1;7
129;180;2;6
28;180;2;5
102;180;2;4
275;180;4;3
133;180;2;2
119;180;2;1
171;181;15;6
181;181;15;5
132;181;2;4
27;181;4;3
67;37;4;3
133;181;4;2
50;181;2;1
166;182;15;9
181;182;15;8
84;182;2;7
15;182;2;6
76;182;2;5
18;182;2;4
109;182;2;3
82;182;2;2
67;182;2;1
181;183;25;6
131;183;2;5
133;183;3;4
84;183;3;3
113;183;2;2
43;183;2;1
166;184;33;5
275;184;4;4
76;184;4;3
1;184;3;2
102;184;3;1
154;185;1;6
130;185;4;5
136;185;2;4
122;185;2;3
76;185;4;2
35;185;2;1
459;186;33;8
166;186;33;7
109;186;5;6
27;186;5;5
96;186;2;4
76;186;10;3
103;186;3;2
60;186;2;1
23;187;15;4
17;187;1;3
101;187;2;2
161;187;15;1
177;188;5;6
17;188;1;5
55;1213;2;1
39;188;2;4
84;188;3;3
82;188;2;2
76;188;5;1
154;189;1;4
84;189;4;3
82;189;4;2
2;189;2;1
98;190;2;5
166;190;33;4
76;190;5;3
109;190;3;2
1;190;3;1
166;191;33;8
130;191;2;7
96;191;1;6
76;191;3;5
27;191;3;4
109;191;2;3
82;191;2;2
49;191;2;1
2;192;3;2
68;192;2;1
172;192;25;6
109;192;2;5
130;192;3;4
133;192;2;3
878;193;1;6
15;193;3;5
27;193;3;4
132;193;2;3
39;193;2;2
122;221;2;10
35;193;2;1
172;194;10;9
111;732;2;6
159;732;1;5
23;194;150;8
154;194;10;7
82;194;12;6
132;194;6;5
102;194;4;4
84;194;8;3
175;731;5;8
136;195;2;8
23;195;15;7
860;195;1;6
27;195;2;5
76;195;2;4
137;195;2;3
133;195;2;2
53;195;2;1
859;196;1;6
15;196;3;5
82;196;3;4
96;196;2;3
130;196;2;2
67;196;2;1
171;197;20;6
119;197;2;5
438;706;1;7
27;197;6;4
123;197;2;3
275;197;4;2
49;197;2;1
171;198;2;8
136;198;2;7
23;198;25;6
130;198;2;5
76;198;4;4
102;198;2;3
35;198;2;2
17;199;1;4
13;199;4;3
109;199;4;2
103;199;4;1
177;200;5;4
17;200;1;3
76;200;10;2
43;200;2;1
23;201;15;4
17;201;1;3
76;201;8;2
35;201;2;1
159;202;1;5
76;202;6;4
96;202;2;3
122;202;2;2
55;202;2;1
171;209;5;6
134;203;3;6
23;203;25;5
17;203;1;4
133;203;3;3
97;203;3;2
68;203;2;1
172;204;25;5
97;204;2;4
96;204;2;3
132;204;4;2
121;204;4;1
181;205;15;6
177;205;15;5
27;205;5;4
86;205;2;3
115;205;2;2
109;205;3;1
176;206;33;4
133;206;7;3
113;206;3;2
67;206;2;1
166;207;33;6
15;207;2;5
18;207;2;4
133;207;3;3
109;207;3;2
68;207;2;1
181;208;33;5
109;208;2;4
132;208;4;3
130;208;4;2
43;208;2;1
132;209;2;4
122;209;3;3
130;209;2;2
43;209;2;1
438;210;1;8
651;210;1;7
134;210;2;6
154;210;1;5
132;210;4;4
130;210;4;3
134;211;2;7
17;211;1;6
76;211;4;5
15;211;2;4
133;211;4;3
68;211;1;2
30;211;1;1
17;212;1;7
84;212;4;6
133;212;4;5
109;212;1;4
2;212;2;3
46;212;1;2
35;212;2;1
23;213;15;7
17;213;1;6
76;213;2;5
130;213;2;4
133;213;2;3
111;213;2;2
35;213;2;1
181;214;15;8
166;214;15;7
275;214;4;6
96;214;1;5
76;214;5;4
97;214;2;3
133;214;2;2
35;214;2;1
166;215;33;5
76;215;5;4
86;215;3;3
111;215;3;2
47;215;2;1
119;216;2;7
180;216;20;6
15;216;2;5
129;216;2;4
2;216;2;3
275;216;4;2
46;216;2;1
171;217;25;5
76;217;5;4
133;217;3;3
2;217;3;2
46;217;2;1
134;218;2;7
859;218;1;6
27;218;4;5
118;218;2;4
13;166;3;2
109;218;2;3
113;218;2;2
68;218;2;1
108;219;1;7
136;219;1;6
167;219;15;5
175;219;15;4
76;219;4;3
1;219;2;2
102;219;2;1
119;220;2;6
154;220;1;5
84;220;3;4
132;220;2;3
39;220;2;2
2;220;2;1
132;221;2;5
133;221;2;4
2;221;2;3
46;221;2;2
150;1213;1;5
275;1213;3;4
108;1213;2;3
134;222;2;9
181;222;10;8
166;222;15;7
130;222;2;6
132;222;2;5
139;222;2;4
133;222;2;3
55;222;1;2
62;222;1;1
150;223;1;5
271;223;4;4
109;223;2;3
97;223;2;2
48;223;2;1
27;1213;8;2
158;224;1;5
133;224;4;4
2;224;4;3
118;224;3;2
46;224;2;1
17;225;1;8
108;225;1;7
76;225;3;6
132;225;2;5
133;225;2;4
101;225;2;3
123;225;2;2
55;225;1;1
12;226;2;4
133;226;8;3
21;908;1;1
237;226;1;2
38;226;2;1
171;227;20;5
480;227;1;4
96;227;2;3
131;719;2;5
27;227;8;2
62;227;2;1
143;228;1;5
133;228;2;4
13;228;2;3
76;228;4;2
216;228;2;1
275;906;3;2
16;229;1;6
143;229;1;5
101;229;2;4
105;229;2;3
84;229;2;2
83;229;3;1
103;230;2;6
158;230;1;5
76;230;5;4
109;230;2;3
102;230;2;2
47;230;2;1
891;231;1;6
98;231;2;5
17;231;1;4
76;231;5;3
101;231;3;2
130;231;2;1
23;232;25;5
275;232;4;4
133;232;4;3
136;1137;2;1
132;232;4;2
110;232;2;1
129;233;3;4
132;233;3;3
27;233;3;2
43;233;2;1
181;233;20;6
171;233;10;5
154;234;1;5
53;234;2;4
137;234;2;3
139;234;3;2
76;234;5;1
171;235;20;7
102;235;2;6
101;235;2;5
136;235;2;4
130;235;2;3
76;235;2;2
35;235;2;1
175;236;5;7
146;236;1;6
18;236;5;5
82;236;2;4
113;236;2;3
275;236;4;2
68;236;2;1
860;237;1;5
133;237;4;4
438;1081;1;8
39;237;2;3
76;237;4;2
2;237;2;1
438;238;1;8
651;238;1;7
172;238;5;6
154;238;1;5
132;238;3;4
139;238;2;3
438;239;1;8
651;239;1;7
448;265;1;7
651;1081;1;7
23;239;25;6
39;239;2;5
28;239;4;4
27;239;4;3
98;240;2;7
154;240;1;6
133;240;2;5
109;240;2;4
139;240;3;3
132;240;4;2
55;240;2;1
438;241;1;8
651;241;1;7
158;241;1;6
102;241;2;5
109;241;2;4
110;241;2;3
98;242;1;8
23;242;15;7
158;242;1;6
76;242;3;5
448;245;1;10
139;242;3;4
47;242;1;3
275;242;4;2
55;242;1;1
158;243;1;5
275;243;4;4
64;243;2;3
110;1083;2;5
76;243;4;2
27;243;4;1
168;244;20;5
275;244;4;4
64;244;2;3
416;244;4;2
27;244;4;1
438;918;1;10
651;918;1;9
16;245;1;9
140;245;1;8
76;245;5;7
83;245;4;6
132;245;4;5
13;245;4;4
102;245;4;3
271;245;4;2
36;245;2;1
438;246;1;9
651;246;1;8
181;246;33;7
27;246;4;6
109;246;1;5
171;1252;10;3
130;246;2;4
131;246;2;3
171;247;20;6
167;247;10;5
96;247;2;4
132;247;2;3
139;247;3;2
68;247;2;1
150;248;1;5
275;248;3;4
113;248;4;3
133;248;4;2
878;249;1;5
134;249;2;4
132;1274;3;3
82;249;3;3
27;249;3;2
2;249;2;1
134;250;2;5
159;250;1;4
132;250;5;3
97;250;3;2
35;250;2;1
438;251;1;8
651;251;1;7
172;251;15;6
176;251;15;5
133;251;3;4
15;251;4;3
438;252;1;7
651;252;1;6
134;252;2;5
878;252;1;4
27;252;3;3
158;253;1;8
122;253;2;7
132;253;2;6
130;253;2;5
115;253;2;4
96;253;1;3
133;253;2;2
49;253;2;1
651;254;1;7
23;254;25;6
154;351;2;5
39;254;2;5
28;254;2;4
27;254;2;3
139;254;2;2
235;254;2;1
154;255;1;7
97;255;2;6
76;255;3;5
133;255;3;4
132;255;2;3
646;255;1;2
44;255;2;1
171;256;10;8
162;256;20;7
139;256;2;6
130;256;2;5
82;256;2;4
27;256;2;3
68;256;1;2
235;256;1;1
136;257;2;7
43;194;10;1
23;257;15;6
154;257;1;5
76;257;2;4
115;257;2;3
139;257;2;2
218;257;2;1
177;258;15;5
167;258;15;4
27;258;5;3
102;258;5;2
43;258;2;1
154;259;1;5
76;259;4;4
96;259;2;3
130;259;4;2
60;259;2;1
134;868;3;5
17;868;3;4
16;260;1;6
140;260;1;5
97;260;2;4
651;959;1;6
102;260;2;3
83;260;2;2
172;261;20;6
180;261;10;5
96;261;2;4
133;261;3;3
18;261;3;2
218;261;2;1
30;262;2;6
154;262;1;5
132;262;4;4
131;262;3;3
130;1274;3;2
96;262;2;2
133;262;2;1
44;910;2;1
140;263;1;5
83;263;4;4
106;263;3;3
105;263;2;2
67;263;2;1
167;264;10;6
180;264;20;5
132;264;4;4
121;264;2;3
97;264;2;2
67;264;2;1
140;265;1;5
83;265;3;4
271;265;3;3
102;265;3;2
132;265;3;1
76;266;6;5
136;266;2;4
21;1081;1;1
110;266;2;3
39;266;4;2
50;266;2;1
17;267;1;4
76;267;5;3
82;267;3;2
110;267;2;1
23;268;25;5
139;268;3;4
175;268;3;3
100;268;3;2
48;268;2;1
40;706;2;1
175;269;25;7
1;269;3;6
139;269;2;5
102;269;2;4
133;269;2;3
53;269;1;2
48;269;1;1
119;270;2;6
176;270;10;5
181;270;20;4
18;270;6;3
97;270;2;2
43;270;2;1
171;271;10;5
23;271;25;4
39;271;2;3
113;271;2;2
110;271;2;1
181;272;33;5
129;272;2;4
133;272;4;3
27;272;4;2
106;272;2;1
27;273;3;5
18;273;3;4
109;273;2;3
113;273;2;2
44;273;2;1
171;273;10;7
181;273;20;6
171;274;5;9
23;274;15;8
17;274;1;7
27;274;2;6
76;274;2;5
132;274;2;4
109;274;2;3
123;274;2;2
177;275;33;6
154;350;2;4
275;350;4;4
2;275;2;5
76;275;4;4
132;275;2;3
133;275;2;2
40;275;2;1
166;276;33;5
133;276;5;4
18;276;4;3
100;276;2;2
46;276;2;1
23;742;25;7
23;277;10;8
17;277;1;7
76;277;2;6
132;277;2;5
109;277;2;4
2;277;2;3
133;277;2;2
46;277;1;1
64;1406;2;2
57;278;2;5
167;278;33;4
97;278;2;3
28;278;3;2
27;278;3;1
17;279;1;5
76;279;4;4
133;279;3;3
2;279;2;2
44;279;2;1
181;280;20;6
101;280;2;5
76;280;4;4
133;280;2;3
137;280;2;2
46;280;2;1
574;1028;1;2
172;281;2;8
23;281;15;7
17;281;1;6
110;281;3;5
15;281;3;4
108;281;2;3
133;281;2;2
154;282;1;7
137;282;2;6
76;282;5;5
133;282;2;4
136;282;2;3
35;282;1;2
53;282;2;1
134;283;2;6
154;283;1;5
100;283;2;4
166;873;11;5
136;283;2;3
82;283;6;2
55;283;2;1
30;284;2;6
181;284;33;5
27;284;6;4
109;284;3;3
130;284;3;2
47;284;2;1
181;285;20;7
167;285;10;6
1;285;2;5
166;1235;10;3
130;285;2;4
133;285;3;3
15;285;3;2
62;285;2;1
438;286;1;7
651;286;1;6
172;286;20;5
27;286;3;4
100;286;2;3
172;1253;10;3
177;287;33;5
76;287;5;4
103;296;2;5
133;287;5;3
275;287;4;2
47;287;2;1
98;288;2;7
154;288;1;6
123;288;2;5
76;288;5;4
133;288;3;3
275;288;1;2
154;289;1;4
131;289;3;3
116;289;2;2
76;289;7;1
154;290;1;5
82;290;3;4
76;290;5;3
131;290;3;2
38;290;2;1
119;291;2;5
177;291;33;4
129;291;2;3
27;291;6;2
46;291;2;1
30;292;2;8
171;292;15;7
181;292;15;6
76;292;2;5
18;292;2;4
132;292;2;3
171;532;5;9
113;292;2;2
46;292;2;1
181;293;30;5
275;293;4;4
43;933;5;1
130;293;4;3
76;293;6;2
43;293;3;1
98;294;2;5
166;294;33;4
76;294;7;3
109;294;3;2
55;294;2;1
30;295;2;7
167;295;10;6
166;295;20;5
109;295;2;4
102;295;2;3
27;295;3;2
132;295;3;1
98;296;2;4
181;296;33;3
130;296;3;2
277;296;10;1
868;1343;1;2
76;747;40;1
130;749;30;2
167;297;15;7
166;297;15;6
15;297;3;5
28;297;3;4
133;297;3;3
275;297;4;2
44;297;3;1
878;298;1;5
39;298;4;4
133;1081;2;4
133;298;2;3
27;298;3;2
277;298;5;1
133;1523;2;4
27;1523;3;3
76;947;2;5
98;299;2;4
308;299;20;3
76;873;7;3
109;299;5;2
27;299;8;1
619;300;25;3
651;1077;1;6
172;1077;5;5
76;300;8;2
39;300;4;1
64;301;3;3
460;1078;1;4
275;301;4;2
13;301;10;1
39;302;4;3
67;67;2;1
27;1081;9;3
82;302;2;2
76;302;10;1
23;314;25;5
39;303;4;3
23;741;5;6
461;741;1;5
82;303;3;2
132;303;5;1
275;304;4;4
177;304;30;3
132;818;5;2
47;304;3;2
132;304;8;1
57;305;2;5
571;741;3;4
661;305;6;3
76;877;3;2
39;305;2;2
133;305;2;1
133;727;3;3
76;1329;6;1
16;306;1;4
123;873;3;2
27;717;5;5
20;306;1;3
81;306;3;2
104;306;3;1
83;307;4;3
102;307;4;2
105;307;4;1
82;308;5;2
83;308;5;1
152;309;1;5
16;309;1;4
64;309;4;3
18;309;8;2
185;309;8;1
275;310;4;3
86;310;3;2
132;310;4;1
83;311;4;3
13;311;4;2
105;311;4;1
180;312;20;5
177;312;10;4
123;312;2;3
76;312;8;2
136;312;2;1
44;928;2;1
125;313;1;8
133;313;2;7
162;313;1;6
76;741;3;3
38;313;1;5
39;313;4;4
136;313;2;3
76;313;5;2
21;313;1;1
64;314;3;4
413;314;6;3
39;314;2;2
23;315;25;7
275;708;4;1
21;314;1;1
39;315;4;6
43;274;2;1
64;315;2;5
413;315;6;4
64;1135;15;1
137;315;2;3
136;315;2;2
21;315;1;1
448;710;1;7
168;316;20;5
64;316;3;4
275;316;4;3
225;316;4;2
271;316;4;1
98;317;2;4
168;317;25;3
275;317;1;2
39;318;2;4
438;1370;1;8
154;709;1;6
169;318;8;3
82;318;3;2
237;911;1;4
82;319;10;3
152;319;1;2
275;319;4;1
152;322;1;6
146;766;1;4
64;320;3;3
275;320;4;2
15;320;8;1
177;321;33;5
76;321;6;4
110;321;3;3
123;321;2;2
43;321;2;1
171;322;5;5
12;530;4;4
76;322;8;4
133;322;3;3
39;322;2;2
651;1080;1;9
43;322;2;1
154;1347;1;5
152;819;1;7
171;819;2;6
275;819;3;5
110;819;2;4
23;1080;10;8
39;325;2;4
55;325;2;3
82;325;2;2
405;1300;1;7
380;325;6;1
834;326;7;3
275;326;4;2
21;800;1;1
64;326;2;1
895;327;1;6
438;262;1;8
171;327;5;5
7;1331;1;7
438;908;1;7
651;262;1;7
416;877;3;5
23;328;25;3
123;328;4;2
60;328;2;1
895;329;1;8
181;329;10;7
308;329;10;6
133;329;4;5
132;329;3;4
109;329;2;3
1;329;2;2
39;330;2;5
651;1078;1;6
101;330;2;4
131;877;2;4
133;330;3;3
76;330;5;2
21;330;1;1
152;331;1;5
64;331;2;4
27;331;5;3
122;747;20;3
275;331;4;2
21;331;1;1
130;747;40;2
64;332;4;4
39;332;2;3
27;1080;3;6
15;332;5;2
132;332;5;1
895;333;1;8
110;333;2;7
308;333;10;6
175;333;10;5
1;333;2;4
76;333;3;3
169;873;13;4
27;333;3;2
895;334;1;7
110;334;2;6
308;334;10;5
171;334;10;4
23;209;25;5
1;334;3;3
27;334;5;2
11;335;1;3
105;335;3;2
76;335;5;1
895;336;1;8
308;336;10;7
171;336;10;6
661;909;5;2
139;336;2;5
109;336;3;4
97;336;2;3
27;336;2;2
878;337;1;3
27;819;6;3
43;819;2;2
275;337;4;2
28;337;10;1
32;338;4;3
162;338;20;2
168;338;10;1
67;81;2;1
168;1322;20;5
172;339;5;6
460;339;1;5
275;339;4;4
219;339;2;3
61;339;2;2
175;340;25;4
172;340;25;3
171;341;5;6
460;341;1;5
39;341;2;4
219;341;2;3
592;342;1;2
235;1140;2;1
219;342;2;1
470;1323;2;4
275;1323;3;3
175;343;25;3
462;343;1;2
219;343;4;1
16;391;1;5
169;344;5;4
461;344;1;3
33;344;2;2
219;344;2;1
154;345;1;4
275;345;3;3
133;345;2;2
661;345;4;1
166;346;50;3
40;346;2;2
55;346;2;1
44;1344;2;1
62;1363;2;1
387;495;1;7
448;496;1;6
387;497;1;7
98;738;2;6
411;738;1;5
18;738;3;4
76;738;3;3
47;829;2;1
308;348;20;5
67;348;2;4
109;348;3;3
1;348;3;2
105;1085;2;5
27;348;6;1
460;349;1;5
25;349;2;4
39;349;2;3
53;349;2;2
61;349;2;1
91;1372;4;5
308;1372;20;4
36;1372;3;3
129;1372;2;2
237;1373;1;5
64;1373;2;4
76;1264;10;1
53;351;2;4
39;351;2;3
106;1082;3;1
61;351;2;2
21;351;1;1
448;490;1;5
76;648;4;4
139;648;2;3
646;648;3;2
48;648;2;1
133;1151;4;2
64;476;10;2
39;353;2;3
110;1080;2;3
102;1274;2;1
64;353;4;2
27;353;10;1
171;354;10;5
275;1075;3;3
39;354;4;4
43;354;2;3
110;354;2;2
27;354;8;1
64;355;3;4
25;355;2;3
39;355;2;2
68;1003;2;2
47;1003;3;1
27;355;6;1
76;929;2;2
365;356;10;3
275;929;4;1
132;1143;4;2
27;356;4;2
275;356;2;1
275;909;3;1
133;1515;2;2
55;1515;2;1
60;980;2;1
169;1514;20;2
180;1514;30;1
237;358;1;5
27;358;4;4
39;358;2;3
25;358;2;2
136;873;2;1
46;358;2;1
134;359;2;8
23;359;15;7
17;359;1;6
102;359;2;5
27;359;2;4
84;359;2;3
133;359;2;2
30;359;1;1
23;360;25;4
100;360;2;3
76;360;3;2
55;360;2;1
23;361;25;3
133;361;2;2
130;361;2;1
23;362;25;5
275;362;3;4
646;362;2;3
133;362;6;2
68;362;2;1
23;363;25;4
53;363;1;3
123;363;2;2
102;363;3;1
76;364;5;4
64;364;2;3
2;364;1;2
646;364;2;1
23;364;25;5
23;365;25;5
110;365;2;4
76;365;3;3
55;365;1;2
23;366;25;4
176;366;2;3
96;366;2;2
49;366;2;1
23;367;15;7
23;740;12;8
665;367;1;6
84;367;4;5
133;367;2;4
97;367;2;3
121;367;2;2
171;368;3;9
23;368;15;8
17;368;1;7
76;368;4;6
27;368;3;5
110;368;2;4
275;368;4;3
43;368;3;2
152;620;1;7
150;149;1;5
23;369;25;5
275;369;3;4
96;369;2;3
23;370;25;4
130;370;2;3
27;370;2;2
55;370;2;1
23;371;25;5
27;371;2;4
76;371;2;3
62;371;1;2
67;371;1;1
171;372;5;8
23;372;15;7
159;372;1;6
118;372;2;5
133;372;2;4
84;372;2;3
132;372;2;2
38;372;2;1
27;373;6;5
139;373;3;4
275;623;4;7
651;1075;1;10
275;373;4;3
35;373;2;2
23;374;300;9
17;374;10;8
27;374;15;7
76;374;15;6
132;374;15;5
109;374;5;4
130;374;5;3
152;730;1;5
64;730;3;4
171;1075;3;9
23;375;300;8
17;375;10;7
132;375;15;6
76;375;15;5
82;375;15;4
154;731;1;7
130;375;10;3
23;376;25;3
133;376;3;2
438;948;1;8
39;730;3;3
21;730;1;2
23;377;300;7
17;377;10;6
35;377;10;5
130;377;10;4
76;377;10;3
448;703;1;7
133;731;3;6
76;731;4;5
23;378;225;7
154;378;9;6
76;378;10;5
139;378;10;4
132;378;10;3
646;379;4;6
23;379;15;5
154;379;1;4
76;379;3;3
133;379;3;2
2;379;2;1
23;380;25;2
130;380;6;1
136;381;2;6
23;381;15;5
17;381;1;4
84;381;3;3
82;381;3;2
44;381;2;1
23;382;25;3
82;382;2;2
110;382;2;1
23;383;25;7
98;383;2;6
166;383;5;5
103;383;3;4
275;383;4;3
12;1078;2;5
109;383;3;2
47;383;2;1
23;384;25;4
168;384;10;3
438;1077;1;7
64;384;4;2
18;384;8;1
98;385;2;6
17;385;1;5
132;385;2;4
76;385;5;3
84;385;3;2
68;385;2;1
177;386;15;5
166;386;15;4
76;386;10;3
97;386;2;2
43;386;2;1
17;387;1;7
76;387;5;6
84;387;3;5
102;387;1;4
82;387;1;3
96;387;1;2
108;387;2;1
859;388;1;4
76;388;8;3
82;388;2;2
68;388;2;1
459;389;15;6
166;389;15;5
13;389;2;4
18;389;2;3
76;389;6;2
103;389;2;1
167;390;15;6
171;390;10;5
76;390;6;4
84;390;2;3
133;390;2;2
44;390;2;1
140;391;1;4
76;391;4;3
109;391;4;2
105;391;2;1
166;392;15;7
167;392;10;6
109;392;2;5
102;392;2;4
130;392;2;3
133;392;2;2
76;392;4;1
167;393;15;6
181;393;15;5
861;1068;1;8
39;393;2;4
76;393;8;3
82;393;2;2
102;393;1;1
17;394;1;7
39;394;2;6
84;394;2;5
133;394;4;4
76;394;3;3
108;394;1;2
47;394;2;1
16;395;1;4
20;395;1;3
76;395;7;2
105;395;3;1
16;396;1;7
140;396;1;6
106;396;2;5
83;396;2;4
76;396;2;3
133;396;3;2
105;396;1;1
275;397;4;3
76;863;5;3
646;1268;2;1
64;397;4;2
76;397;12;1
83;1147;3;3
176;398;10;7
175;398;20;6
86;398;3;5
1;398;3;4
76;398;2;3
18;398;2;2
56;398;2;1
619;399;11;4
39;399;4;3
46;399;2;2
461;1077;1;4
133;1077;3;3
76;399;8;1
68;400;2;4
175;400;20;3
122;400;4;2
76;400;8;1
154;401;1;7
44;401;1;6
39;401;2;5
130;401;4;4
43;1080;2;2
136;401;2;3
76;401;4;2
21;401;1;1
102;402;2;6
136;402;2;5
76;402;2;4
171;402;20;3
131;402;2;2
68;402;2;1
134;403;2;5
17;403;1;4
76;403;4;3
133;403;4;2
133;868;4;1
136;403;2;1
17;404;1;5
115;404;4;4
18;404;2;3
76;404;6;2
68;404;2;1
103;405;2;4
166;405;33;3
113;405;4;2
76;405;8;1
146;406;1;4
21;1080;1;1
39;406;2;3
76;406;8;2
116;406;2;1
23;407;15;6
17;407;1;5
76;407;5;4
133;407;3;3
110;407;2;2
68;407;2;1
167;408;25;4
101;408;2;3
76;408;8;2
21;1506;1;1
102;408;2;1
21;906;1;1
166;409;15;6
177;409;15;5
101;409;2;4
76;409;8;3
82;409;2;2
874;409;3;1
878;410;1;3
28;410;5;2
27;410;5;1
181;411;33;4
130;411;2;3
1;411;3;2
27;411;6;1
156;412;1;8
39;412;2;7
64;412;2;6
46;412;2;5
133;412;3;4
438;1080;1;10
28;412;3;3
76;412;4;2
21;412;1;1
91;413;2;6
167;1079;10;8
177;413;15;5
166;413;15;4
177;452;33;5
27;413;8;3
181;414;15;6
180;414;15;5
39;414;4;4
438;1075;1;11
101;414;2;3
86;414;2;2
27;414;4;1
446;415;1;8
651;415;1;7
20;960;1;6
20;415;1;6
47;415;1;5
130;415;2;4
662;416;1;5
27;416;8;4
175;1079;10;7
118;416;2;3
39;416;2;2
171;417;20;5
39;417;2;4
96;1079;2;6
18;753;20;2
27;417;8;3
101;417;2;2
44;417;2;1
171;1300;20;6
878;418;1;5
271;418;4;4
134;418;2;3
772;840;1;3
27;418;2;2
669;418;2;1
448;263;1;7
176;419;25;5
23;1075;5;8
39;419;4;4
15;419;4;3
115;419;3;2
67;419;2;1
175;420;10;7
166;420;20;6
27;420;4;5
113;420;2;4
67;420;2;3
109;420;2;2
861;421;1;4
86;421;2;3
27;421;6;2
43;421;2;1
237;422;1;7
39;422;2;6
139;1079;2;5
28;422;3;5
131;1300;2;4
27;422;3;4
646;422;3;3
67;422;2;2
21;422;1;1
91;423;2;6
177;423;5;5
275;423;3;4
834;423;4;3
82;423;2;2
275;424;3;5
101;424;2;4
119;424;2;3
593;424;5;2
177;425;20;5
171;425;10;4
13;425;2;3
868;856;1;4
380;425;5;2
49;425;2;1
161;426;10;5
237;426;1;4
137;1079;2;4
39;426;2;3
133;426;2;2
154;909;1;3
365;823;5;5
21;426;1;1
415;870;6;3
56;427;2;5
181;427;33;4
15;1079;3;3
39;427;4;3
130;427;2;2
154;1378;1;5
27;427;8;1
181;428;15;6
275;428;4;5
67;428;2;4
133;428;3;3
181;429;15;4
102;429;3;3
27;429;5;2
28;429;3;1
176;430;33;4
133;430;4;3
119;543;2;6
28;430;6;2
60;430;2;1
166;431;25;5
1;1079;3;2
39;431;2;4
32;431;2;3
101;431;2;2
91;1373;4;6
27;431;8;1
181;432;25;4
130;432;3;3
133;432;2;2
27;432;5;1
30;433;2;4
166;433;33;3
15;433;4;2
27;433;4;1
121;434;2;5
166;434;20;4
175;434;10;3
109;1076;3;5
132;434;6;2
35;434;2;1
98;435;3;6
168;435;15;5
110;1079;3;1
39;435;2;4
64;435;2;3
76;435;4;2
132;435;4;1
166;436;33;5
132;436;4;4
102;436;2;3
109;436;2;2
111;436;2;1
308;437;20;7
109;437;2;6
1;437;4;5
133;437;2;4
102;437;2;3
132;437;3;2
67;437;2;1
134;438;2;5
17;438;1;4
132;438;4;3
133;438;3;2
60;438;2;1
98;439;2;8
154;439;1;7
132;439;2;6
96;439;2;5
131;439;2;4
139;439;2;3
133;439;2;2
38;439;2;1
181;440;20;6
18;840;5;1
130;440;3;5
122;440;2;4
132;440;2;3
76;440;2;2
67;440;2;1
116;441;2;5
76;868;8;3
76;441;2;4
132;441;3;3
102;441;3;2
67;441;2;1
134;442;2;5
154;442;1;4
132;442;4;3
116;442;2;2
30;442;2;1
459;443;25;5
275;443;3;4
132;443;2;3
122;443;2;2
483;443;4;1
98;863;5;2
16;444;1;4
18;444;8;3
25;746;50;1
47;444;3;2
185;444;8;1
166;445;33;4
76;445;5;3
18;445;7;2
44;445;2;1
166;446;10;6
76;446;3;5
103;1078;2;1
18;446;7;4
275;446;4;3
101;446;1;2
68;446;2;1
177;447;10;6
152;447;1;5
18;447;6;4
86;447;2;3
111;447;3;2
44;447;2;1
108;448;2;7
166;448;25;6
275;448;4;5
18;448;4;4
129;448;2;3
133;448;2;2
47;448;2;1
98;449;2;4
166;449;33;3
13;449;3;2
18;449;7;1
76;1378;3;2
152;450;1;3
143;477;1;2
275;450;3;2
18;450;7;1
237;451;1;5
18;451;4;4
106;451;2;3
129;451;2;2
55;451;2;1
18;452;7;4
275;452;4;3
110;452;3;2
55;486;2;1
43;452;2;1
57;453;2;1
177;453;33;4
18;453;8;3
154;454;1;6
2;454;3;5
122;454;3;4
118;454;3;3
275;454;4;2
48;454;2;1
891;455;1;6
159;455;1;5
139;455;2;4
76;455;2;3
137;455;2;2
136;455;2;1
98;456;2;7
23;456;25;6
17;456;1;5
110;456;2;4
76;456;4;3
82;456;2;2
67;456;2;1
98;457;2;6
168;457;15;5
177;457;30;4
110;457;3;3
438;1076;1;8
132;457;4;2
55;457;2;1
136;458;2;7
110;458;2;6
181;458;33;5
130;458;3;4
102;458;2;3
132;458;3;2
55;458;2;1
176;459;10;6
178;459;10;5
102;459;2;4
269;459;2;3
132;459;3;2
416;459;3;1
448;642;1;7
166;460;20;7
97;460;2;6
27;460;4;5
109;460;2;4
13;460;2;3
105;460;1;2
216;460;2;1
438;461;1;8
651;461;1;7
171;461;2;6
23;461;25;5
76;461;2;4
133;461;2;3
47;462;2;5
110;462;2;4
166;462;33;3
1;462;3;2
271;462;5;1
177;777;7;5
275;1318;20;4
97;551;2;2
154;463;1;7
106;464;1;5
13;464;2;4
109;464;2;3
133;464;3;2
225;464;3;1
177;465;20;6
39;465;4;5
592;1080;1;7
271;465;4;4
86;465;3;3
225;465;2;2
132;878;4;1
546;466;1;5
160;466;35;4
64;466;4;3
139;466;3;2
76;466;5;1
233;467;1;3
23;467;15;2
131;467;2;1
896;468;1;5
53;468;3;4
39;468;4;3
413;468;8;2
461;1075;1;7
67;1565;2;3
448;485;1;6
651;1454;1;8
82;469;2;5
27;469;2;4
76;469;2;3
18;469;2;2
132;469;2;1
868;470;1;6
233;470;1;5
275;470;4;4
133;470;3;3
547;471;1;5
160;471;35;4
133;1075;2;6
39;471;4;3
137;471;3;2
158;1269;1;4
27;471;4;1
405;472;1;6
160;472;35;5
108;472;2;4
68;472;2;3
109;472;2;2
84;472;3;1
7;473;1;4
275;473;4;3
132;473;4;2
82;473;2;1
168;474;5;6
39;474;4;5
27;1075;3;4
64;474;2;4
271;474;4;3
133;474;3;2
405;475;1;6
160;475;35;5
136;475;2;4
131;475;2;3
84;475;2;2
76;475;2;1
387;476;1;6
448;476;1;5
16;476;1;4
11;476;2;3
387;477;1;5
448;477;1;4
16;477;1;3
387;478;1;10
109;478;2;9
46;478;2;8
49;478;2;7
387;479;1;7
133;478;4;6
15;478;2;5
27;478;2;4
76;478;6;3
18;478;2;2
448;479;1;6
16;479;1;5
11;479;1;4
36;479;2;3
637;479;4;2
483;479;4;1
18;1264;10;2
387;480;1;6
64;480;2;5
39;480;4;4
113;480;4;3
115;480;4;2
387;481;1;7
122;481;2;6
64;481;2;5
39;481;2;4
116;481;4;3
84;481;6;2
448;482;1;7
16;482;1;6
11;482;1;5
83;482;3;4
105;482;2;3
91;482;3;2
387;483;1;4
16;483;1;3
11;483;1;2
226;483;10;1
387;488;1;6
102;484;2;6
132;484;3;5
136;484;2;4
137;484;2;3
76;484;3;2
35;484;3;1
16;485;1;5
11;485;1;4
64;485;2;3
225;485;5;2
106;485;5;1
448;486;1;7
16;486;1;6
11;486;1;5
132;486;3;4
133;486;3;3
15;486;3;2
16;487;1;4
11;487;1;3
64;487;3;2
13;487;12;1
448;488;1;5
64;853;4;3
16;488;1;4
11;488;1;3
266;488;8;2
64;488;2;1
16;489;1;6
752;489;1;5
67;489;3;4
76;489;4;3
102;489;2;2
132;489;3;1
40;818;2;1
16;490;1;4
11;490;2;3
64;490;3;2
234;490;6;1
448;491;1;7
16;491;1;6
11;491;2;5
133;491;2;4
448;493;1;6
380;1372;4;1
15;491;2;3
105;491;2;2
16;492;1;4
11;492;2;3
64;492;3;2
133;492;6;1
140;493;2;5
16;493;1;4
64;493;4;3
105;493;2;2
132;493;6;1
16;494;1;5
11;494;1;4
64;494;4;3
76;494;4;2
62;350;2;1
448;495;1;6
16;495;1;5
11;495;2;4
64;495;4;3
27;495;6;2
101;495;2;1
16;496;1;5
11;496;2;4
64;496;4;3
133;496;3;2
76;496;7;1
16;497;1;5
11;497;2;4
64;497;5;3
84;497;5;2
83;497;5;1
13;498;8;4
106;498;3;3
82;498;3;2
55;498;3;1
387;498;1;10
16;498;1;9
11;498;1;8
83;498;2;7
84;498;8;6
177;499;33;4
84;499;8;3
118;499;2;2
67;499;2;1
57;500;2;4
459;500;25;3
76;500;8;2
125;500;2;1
154;501;1;5
27;501;4;4
136;501;5;3
275;501;4;2
47;501;2;1
166;502;10;5
167;502;20;4
28;502;4;3
102;502;5;2
55;502;3;1
167;503;15;5
177;503;15;4
132;503;5;3
118;503;2;2
100;503;2;1
171;504;5;5
154;504;1;4
84;504;8;3
116;504;2;2
43;504;2;1
891;505;1;4
860;505;1;3
133;505;5;2
103;505;5;1
448;506;1;6
16;506;1;5
140;506;1;4
139;906;2;5
133;506;3;3
98;507;3;4
152;853;1;5
237;507;1;3
76;507;3;2
132;507;3;1
180;508;15;8
171;508;10;7
137;508;2;6
39;508;4;5
96;508;2;4
101;508;2;3
132;508;3;2
44;508;2;1
16;520;1;7
448;509;1;8
16;509;1;7
140;509;1;6
226;509;2;5
13;509;3;4
105;509;2;3
133;509;2;2
156;510;1;4
82;510;5;3
137;510;5;2
57;510;2;1
171;511;15;7
178;511;15;6
84;511;3;5
651;916;1;7
76;511;3;4
101;511;2;3
102;511;2;2
57;511;2;1
181;512;33;3
76;512;8;2
97;512;3;1
669;764;30;1
27;1479;3;4
166;513;33;5
102;513;2;4
1;513;3;3
82;513;5;2
67;513;2;1
154;514;1;5
76;514;4;4
133;514;4;3
125;514;2;2
48;514;2;1
156;515;1;5
137;515;3;4
115;515;3;3
132;515;3;2
48;515;2;1
134;516;2;8
23;516;15;7
158;516;1;6
171;516;5;5
133;516;2;4
84;516;2;3
97;516;2;2
121;516;2;1
171;517;5;9
23;517;15;8
860;517;1;7
139;517;2;6
84;517;3;5
132;517;2;4
110;517;2;3
100;517;3;2
48;517;2;1
651;518;1;8
171;518;3;7
23;518;10;6
17;518;1;5
131;518;2;4
84;518;3;3
97;518;2;2
139;1075;2;5
438;519;1;8
651;519;1;7
177;519;25;6
131;519;4;5
27;519;4;4
122;519;4;3
140;520;1;6
106;520;3;5
637;520;2;4
83;520;5;3
76;520;3;2
16;521;1;5
140;521;1;4
13;521;2;3
271;521;4;2
168;522;15;5
462;1076;1;6
177;522;25;4
18;522;5;3
123;522;2;2
103;522;3;1
269;523;3;3
180;523;33;2
140;1407;1;6
15;523;3;1
271;1407;3;5
110;524;2;5
181;524;33;4
132;524;4;3
2;524;3;2
55;524;2;1
177;525;33;5
76;525;6;4
118;525;2;3
103;525;3;2
33;525;2;1
448;526;1;6
16;526;1;5
140;526;1;4
76;526;2;3
49;942;2;1
76;527;4;3
96;527;2;2
146;533;1;5
136;527;2;1
17;528;1;4
76;318;3;1
76;528;6;3
84;528;4;2
111;528;2;1
171;529;20;5
84;529;2;4
76;529;6;3
125;529;2;2
67;529;2;1
17;530;1;3
76;530;5;2
136;530;3;1
12;531;2;6
150;531;1;5
2;531;2;4
132;531;4;3
39;531;4;2
108;531;2;1
23;532;25;8
17;532;1;7
39;532;4;6
43;532;2;5
67;1074;2;5
76;532;4;4
130;532;2;3
101;532;2;2
21;532;1;1
96;533;4;4
18;533;4;3
116;533;2;2
125;533;2;1
16;1051;1;8
140;1051;1;7
132;1051;2;6
76;1051;2;5
105;1051;2;4
658;535;1;7
154;535;1;6
275;535;3;5
218;535;2;4
76;535;4;3
96;535;3;2
133;535;2;1
136;536;2;8
23;536;15;7
17;536;1;6
139;536;2;5
76;536;3;4
15;1074;3;4
39;536;4;3
139;1074;2;3
235;536;2;2
21;536;1;1
134;537;2;4
17;537;1;3
132;537;5;2
33;877;2;1
121;537;2;1
171;538;25;5
35;556;2;1
39;538;4;4
1;1074;2;1
27;538;2;3
97;538;3;2
76;538;3;1
181;539;25;4
109;539;4;3
13;539;4;2
76;539;4;1
116;540;2;4
275;540;3;3
121;540;2;2
68;540;2;1
172;541;25;5
108;541;2;4
132;541;3;3
133;541;3;2
47;541;2;1
119;542;2;5
180;542;15;4
166;542;15;3
15;542;4;2
115;542;5;1
115;543;3;4
27;543;3;3
1;543;4;2
97;543;2;1
132;544;6;3
133;544;4;2
118;544;2;1
176;544;20;4
438;545;1;11
651;545;1;10
181;545;5;9
592;545;1;8
96;545;1;6
166;546;33;5
122;546;3;4
27;546;4;3
13;546;2;2
55;546;2;1
136;547;2;5
17;547;1;4
76;547;4;3
133;547;2;2
101;547;2;1
159;548;1;7
23;548;15;6
76;548;4;5
82;548;2;4
113;548;1;3
130;548;2;2
62;548;2;1
438;549;1;11
651;549;1;10
171;549;5;9
23;549;25;8
17;549;1;7
448;616;1;7
27;549;2;6
139;549;2;5
136;549;2;4
235;549;2;3
23;550;15;6
17;550;1;5
110;550;2;4
43;550;2;3
130;550;4;2
76;550;4;1
438;551;1;10
651;551;1;9
171;551;4;8
23;551;15;7
154;551;1;6
27;551;2;5
132;551;2;4
139;551;2;3
171;552;5;8
23;552;25;7
860;552;1;6
123;552;3;5
2;552;2;4
132;552;2;3
102;552;3;2
40;552;2;1
23;553;15;7
158;553;1;6
133;553;2;5
27;553;2;4
76;553;2;3
130;553;3;2
60;553;2;1
23;554;25;7
17;554;1;6
102;554;2;5
130;554;2;4
28;554;2;3
27;554;2;2
32;554;2;1
176;555;5;7
23;555;15;6
154;555;1;5
132;555;2;4
137;555;2;3
122;555;2;2
115;555;2;1
23;556;15;6
159;556;1;5
17;742;1;6
133;556;3;4
76;556;4;3
136;556;2;2
23;557;15;7
17;557;1;6
27;557;2;5
133;557;2;4
76;557;2;3
67;557;2;2
62;557;2;1
23;558;15;6
17;558;1;5
133;558;3;4
115;558;2;3
76;558;4;2
35;558;2;1
23;559;15;6
17;559;1;5
76;559;4;4
122;559;3;3
113;559;1;2
68;559;3;1
23;560;15;7
17;560;1;6
132;560;4;5
651;741;1;8
109;560;2;4
101;560;2;3
103;560;2;2
49;560;2;1
103;561;2;5
177;561;33;4
27;561;6;3
133;561;4;2
47;561;2;1
167;562;33;6
96;562;1;5
76;562;3;4
97;562;2;3
1;562;2;2
154;563;1;5
100;563;2;4
76;563;4;3
118;563;2;2
86;563;4;1
23;564;15;7
17;564;1;6
115;564;2;5
109;564;2;4
168;1146;15;4
130;564;2;3
133;564;4;2
32;564;2;1
171;565;3;8
17;565;1;7
2;565;2;6
132;565;3;5
108;565;1;4
133;565;2;3
275;565;4;2
64;565;2;1
134;566;2;7
23;566;15;6
17;566;1;5
110;566;2;4
38;566;2;3
76;566;2;2
102;566;2;1
171;567;20;6
167;567;10;5
133;567;4;4
102;567;2;3
1;567;4;2
55;567;2;1
158;568;1;6
133;568;3;5
84;568;3;4
139;568;2;3
33;568;2;2
110;568;2;1
33;569;2;5
131;569;4;4
130;569;2;3
275;569;3;2
96;570;2;4
76;570;4;3
109;570;4;2
55;570;2;1
180;571;20;5
118;571;2;4
27;1506;6;2
109;571;3;3
76;571;5;2
874;571;2;1
172;741;5;7
171;572;20;4
27;572;6;3
109;572;2;2
115;572;2;1
154;573;1;5
133;573;4;4
84;573;4;3
39;573;4;2
21;573;1;1
308;1074;20;6
154;574;1;6
105;506;5;1
76;574;4;5
122;574;4;4
76;575;2;4
412;870;3;2
102;575;2;3
109;575;2;2
467;575;2;1
150;576;1;7
15;576;2;6
133;576;2;5
84;576;3;4
137;576;2;3
2;576;2;2
44;576;2;1
181;577;15;7
166;577;15;6
27;577;4;5
1;577;3;4
97;577;3;3
101;577;2;2
43;577;2;1
82;578;2;4
83;578;4;3
97;578;2;2
38;578;2;1
459;579;25;4
269;579;5;3
106;579;4;2
67;579;2;1
167;580;20;6
97;580;2;5
137;580;2;4
132;580;2;3
27;580;4;2
40;580;2;1
275;581;3;4
76;581;6;3
116;581;2;2
571;581;2;1
181;582;20;7
167;582;10;6
139;582;2;5
133;582;4;4
96;582;2;3
76;582;4;2
32;582;2;1
878;583;1;4
106;583;4;3
13;583;4;2
225;583;5;1
134;584;2;7
76;584;8;6
27;584;4;5
133;584;8;4
97;584;2;3
132;584;2;2
235;584;2;1
134;585;1;8
84;585;8;7
27;585;8;6
76;585;8;5
136;585;2;4
130;585;3;3
122;585;3;2
53;585;2;1
76;586;5;4
82;586;2;3
122;586;3;2
36;586;2;1
43;587;3;1
98;587;3;11
177;587;10;10
103;587;3;9
84;587;5;8
2;587;2;7
82;587;4;6
166;587;10;5
76;587;3;4
18;587;3;3
132;587;3;2
156;588;1;4
76;588;5;3
82;588;5;2
125;588;2;1
438;916;1;8
177;589;33;5
76;589;4;4
82;589;4;3
13;589;3;2
55;589;2;1
878;590;1;5
39;590;4;4
27;590;6;3
108;590;3;2
62;590;2;1
159;591;1;5
130;591;3;4
122;591;3;3
27;591;3;2
62;591;2;1
171;592;10;7
172;592;15;6
132;592;3;5
101;592;2;4
102;592;2;3
133;592;3;2
35;592;2;1
134;593;2;5
448;1408;1;7
480;593;1;4
133;593;2;3
891;594;1;5
17;594;1;4
129;594;3;3
15;594;4;2
119;594;2;1
891;595;1;6
167;595;20;5
103;595;2;4
116;595;2;3
137;595;4;2
49;595;3;1
891;596;1;6
136;596;2;5
17;596;1;4
132;596;3;3
133;596;3;2
35;596;2;1
172;597;33;4
271;597;4;3
2;597;4;2
67;597;2;1
438;598;1;7
651;598;1;6
103;598;3;5
177;598;33;4
18;598;6;3
136;599;2;6
154;599;1;5
131;599;2;4
96;599;2;3
76;599;5;2
49;599;2;1
237;600;1;6
97;600;2;5
275;600;3;4
55;600;2;2
411;601;1;5
275;601;4;4
27;601;10;3
38;601;2;2
55;601;2;1
140;602;1;5
91;602;2;4
234;602;2;3
637;602;3;2
209;602;2;1
171;603;5;4
23;603;25;3
125;603;3;2
53;603;2;1
158;604;1;5
132;604;5;4
118;604;2;3
76;604;3;2
48;604;2;1
133;1143;3;4
131;1143;2;3
175;605;25;4
166;605;35;3
387;482;1;8
166;606;2;5
17;606;1;4
139;606;2;3
76;606;5;2
136;606;3;1
167;607;20;6
108;1074;2;7
102;607;2;5
97;607;2;4
76;607;5;3
39;607;4;2
55;607;2;1
175;608;10;6
178;608;20;5
18;608;5;4
97;608;2;3
118;608;2;2
35;608;2;1
154;609;1;5
133;609;4;4
137;609;4;3
118;609;2;2
53;609;2;1
23;610;25;4
118;610;4;3
2;610;2;2
68;610;2;1
131;611;2;4
646;611;4;3
84;611;4;2
62;611;2;1
411;612;1;5
76;612;3;4
133;612;3;3
571;612;2;2
136;612;2;1
136;613;2;6
178;613;33;5
76;613;5;4
97;613;2;3
118;613;2;2
43;613;2;1
171;614;5;7
23;614;15;6
158;614;1;5
133;614;2;4
125;614;2;3
118;614;2;2
67;614;2;1
595;615;4;4
275;615;3;3
44;615;2;2
82;615;2;1
20;616;2;5
91;616;3;4
106;616;1;3
97;616;2;2
216;616;1;1
16;617;1;4
140;617;1;3
628;738;2;2
76;617;5;2
27;618;2;4
76;618;2;3
18;618;2;2
132;618;2;1
139;1073;2;3
154;619;1;6
1;875;2;2
275;619;4;5
133;619;3;4
122;619;4;3
21;757;1;1
28;619;4;2
132;1083;3;3
21;619;1;1
76;749;30;1
122;620;3;6
133;620;3;5
76;620;4;4
171;440;10;7
132;753;40;1
219;620;3;3
275;620;3;2
21;620;1;1
60;621;70;2
27;621;70;1
834;730;6;1
168;622;10;4
64;622;3;3
154;622;2;2
133;622;10;1
133;623;2;5
119;623;2;4
132;623;2;3
181;624;33;5
76;624;4;4
13;624;5;3
110;624;5;2
136;625;2;6
110;625;4;5
17;625;1;4
2;625;2;3
18;625;5;2
52;625;2;1
171;626;20;6
1;626;3;5
121;626;2;4
414;870;1;1
102;626;3;3
132;626;3;2
235;626;2;1
171;627;5;5
23;627;25;4
131;627;3;3
132;627;3;2
67;627;2;1
134;628;2;8
17;628;1;7
23;628;15;6
18;628;2;5
84;628;2;4
136;628;2;3
133;628;2;2
48;628;2;1
166;629;33;5
67;629;2;4
109;629;2;3
1;629;4;2
76;629;5;1
181;630;50;5
47;630;4;4
133;630;4;3
130;630;4;2
27;630;8;1
64;631;30;5
152;631;10;4
28;631;40;3
27;631;40;2
47;1073;2;1
39;631;30;1
132;637;10;1
27;632;8;6
130;632;8;5
76;632;8;4
82;632;4;3
62;632;2;2
67;632;2;1
177;633;50;7
109;633;4;6
130;633;5;5
76;633;5;4
18;633;4;3
132;633;3;2
47;633;4;1
181;634;25;9
171;634;25;8
46;634;2;7
82;634;3;6
76;634;7;5
139;634;3;4
39;634;4;3
891;1073;1;12
15;634;6;2
102;634;3;1
166;635;25;10
181;635;25;9
62;635;2;8
130;635;1;7
97;635;4;6
76;635;4;5
27;635;4;4
109;635;4;3
133;635;4;2
96;635;2;1
177;636;100;10
180;636;100;9
136;636;6;8
28;636;6;7
82;636;8;6
27;636;12;5
57;636;2;4
132;636;12;3
134;378;10;8
60;636;4;2
651;1073;1;11
39;636;8;1
878;637;5;7
448;701;1;8
39;637;20;6
438;1073;1;10
133;637;10;5
27;637;10;4
76;637;10;3
18;637;10;2
159;638;3;9
136;638;5;8
172;638;10;7
23;638;150;6
115;638;10;5
133;638;10;4
122;638;10;3
132;638;10;2
46;638;8;1
159;639;3;9
23;639;150;8
84;639;5;7
96;639;5;6
27;639;6;5
139;639;5;4
76;639;6;3
132;639;6;2
136;639;5;1
23;225;10;9
98;640;2;5
368;1028;1;1
459;640;25;4
27;640;5;3
76;640;5;2
46;640;2;1
177;641;20;6
169;641;10;5
171;1073;5;9
39;641;4;4
113;641;2;3
136;641;2;2
132;641;6;1
16;642;1;6
140;642;1;5
97;642;4;4
105;642;2;3
13;642;4;2
166;643;20;6
169;643;10;5
2;643;2;4
137;643;4;3
132;643;4;2
48;643;2;1
181;644;20;5
97;644;3;4
27;644;5;3
136;644;2;2
57;644;2;1
146;645;1;6
18;645;4;5
133;645;4;4
119;645;1;3
448;704;1;7
103;1140;4;2
39;645;4;2
21;645;1;1
172;646;15;6
175;646;15;5
76;646;2;4
84;646;3;3
646;646;3;2
68;646;2;1
571;647;2;9
162;647;5;8
23;647;10;7
460;647;1;6
76;647;3;5
172;648;5;6
411;648;1;5
411;916;1;5
82;917;1;4
83;917;2;3
98;649;1;6
181;649;15;5
166;649;15;4
76;649;5;3
121;649;3;2
62;649;2;1
23;650;25;5
76;650;3;4
97;650;2;3
121;650;3;2
62;650;2;1
175;651;20;6
122;651;3;5
18;651;2;4
76;651;3;3
132;651;2;2
46;651;2;1
448;652;1;6
16;652;1;5
140;652;1;4
97;652;3;3
134;653;2;5
154;653;1;4
139;653;3;3
18;653;3;2
62;653;2;1
172;654;20;5
109;654;2;4
123;654;2;3
27;654;6;2
50;654;2;1
878;655;1;5
84;655;5;4
97;655;2;3
123;655;3;2
48;655;2;1
167;656;15;6
166;656;15;5
132;656;3;4
106;656;4;3
637;656;2;2
67;656;2;1
646;766;3;3
245;766;8;2
48;766;3;1
67;976;2;1
468;760;1;7
177;658;33;6
133;658;4;5
2;658;2;4
27;658;4;3
136;658;2;2
47;658;2;1
134;659;2;7
166;659;33;6
103;659;2;5
84;659;3;4
76;659;3;3
102;659;2;2
33;659;2;1
275;660;4;4
133;660;2;3
132;660;4;2
49;660;2;1
860;661;1;5
76;661;4;4
139;661;2;3
137;661;2;2
61;661;2;1
171;662;5;5
23;662;25;4
48;662;2;3
133;662;2;2
27;662;2;1
891;663;1;6
98;663;2;5
169;663;33;4
109;663;2;3
76;663;3;2
136;663;2;1
30;664;1;6
23;664;5;5
461;664;1;4
18;664;3;3
470;1373;1;3
275;1373;4;2
98;446;2;7
53;799;1;1
23;666;25;4
133;666;3;3
118;666;2;2
48;666;2;1
103;667;3;6
166;667;25;5
39;667;4;4
64;704;2;1
101;667;2;3
76;667;5;2
56;667;2;1
106;668;2;5
546;1033;1;2
76;668;3;4
82;668;2;3
13;668;2;2
105;668;2;1
23;669;15;6
17;669;1;5
2;669;2;4
132;669;2;3
48;669;2;2
76;669;3;1
480;670;1;6
105;617;2;1
133;670;3;5
39;670;4;4
28;670;2;3
76;670;3;2
15;670;2;1
459;671;20;6
97;671;2;5
76;671;3;4
18;671;3;3
132;671;3;2
46;671;2;1
459;672;15;6
175;672;15;5
76;672;3;4
18;672;3;3
132;672;3;2
67;672;2;1
891;673;1;5
166;673;33;4
76;673;6;3
1;673;2;2
132;673;2;1
55;947;2;1
176;674;20;5
27;674;5;4
82;674;5;3
123;674;2;2
60;674;2;1
106;675;4;3
82;675;4;2
55;675;4;1
140;675;1;8
83;675;2;7
84;675;8;6
225;675;8;5
23;676;25;6
17;676;1;5
139;676;2;4
27;676;3;3
82;676;2;2
68;676;2;1
166;677;35;4
167;677;15;3
35;677;2;2
43;677;2;1
98;1479;1;8
98;678;2;4
181;678;20;3
1;678;5;2
27;678;5;1
17;679;1;4
108;679;3;3
76;679;7;2
47;679;2;1
136;680;2;7
121;680;2;6
158;680;1;5
76;680;3;4
133;680;2;3
275;680;4;2
438;1083;1;9
67;680;2;1
651;1083;1;8
171;681;25;6
27;681;4;5
39;681;4;4
448;617;1;5
102;681;4;3
43;681;2;2
171;682;10;7
177;682;20;6
139;682;2;5
136;682;2;4
132;682;3;3
97;682;2;2
47;682;2;1
166;683;33;5
1;683;3;4
109;683;2;3
84;683;5;2
67;683;2;1
167;684;20;5
76;684;6;4
97;684;2;3
102;684;2;2
43;684;2;1
176;685;3;7
159;685;1;6
136;685;2;5
132;685;3;4
76;685;3;3
97;685;2;2
32;685;2;1
116;686;2;7
98;686;2;6
1;686;3;5
76;686;5;4
18;686;5;3
84;686;6;2
2;686;3;1
166;687;15;6
167;687;10;5
133;687;4;4
76;687;4;3
13;687;3;2
40;687;2;1
134;688;2;7
23;688;15;6
17;688;1;5
139;688;2;4
76;688;3;3
133;688;2;2
60;688;2;1
23;689;8;7
636;689;1;6
130;689;2;5
122;689;2;4
132;689;3;3
139;689;3;2
68;689;2;1
103;690;2;7
23;690;13;6
154;690;1;5
76;690;5;4
133;690;3;3
137;690;2;2
49;690;2;1
891;691;1;6
16;616;1;6
154;691;1;5
116;691;3;4
76;691;4;3
64;691;2;2
438;692;1;9
651;692;1;8
159;692;1;7
96;692;2;6
139;692;2;5
130;692;2;4
76;692;3;3
154;693;1;6
76;693;4;5
101;693;2;4
110;693;2;3
139;693;2;2
43;693;2;1
861;694;1;7
154;948;1;5
109;694;2;6
1;694;2;5
132;694;3;4
76;694;5;3
67;694;2;2
448;695;1;7
16;695;1;6
448;958;1;8
16;958;1;7
20;695;1;5
84;695;4;4
637;695;3;3
97;695;3;2
98;696;2;7
17;696;1;6
121;696;2;5
132;696;3;4
84;696;3;3
118;696;2;2
68;696;2;1
111;697;2;8
130;697;4;7
1;697;4;6
102;697;5;5
76;697;5;4
82;697;3;3
109;697;3;2
46;697;2;1
167;698;10;7
27;698;4;6
76;1300;4;3
67;698;2;5
109;698;2;4
1;698;2;3
76;698;4;2
136;699;2;6
175;699;25;5
133;699;3;4
27;699;6;3
171;232;5;6
275;699;2;2
68;699;1;1
448;700;1;9
16;700;1;8
20;700;1;7
102;700;2;6
83;700;5;5
132;700;3;4
97;700;2;3
13;700;2;2
140;701;1;6
84;701;3;4
97;701;2;3
106;701;3;2
55;701;2;1
154;702;1;4
76;702;5;3
116;702;2;2
118;702;3;1
140;703;1;5
387;491;1;8
82;703;2;4
27;703;3;3
28;703;3;2
64;703;3;1
16;704;1;6
140;704;1;5
20;704;1;4
105;704;2;3
132;704;5;2
159;705;1;5
122;705;3;4
76;705;5;3
133;705;4;2
48;705;2;1
651;706;1;6
171;706;25;5
131;706;3;4
132;706;5;3
137;706;2;2
166;707;12;7
101;707;5;6
84;707;5;5
76;707;5;4
133;707;5;3
275;707;4;2
76;1076;4;3
136;707;2;1
651;708;1;7
96;708;2;6
23;708;5;5
462;708;1;4
133;709;4;5
123;709;2;4
97;709;2;3
102;1051;2;3
39;709;4;2
136;709;2;1
140;710;1;5
83;710;2;4
97;710;2;3
76;710;5;2
216;710;2;1
154;711;1;4
76;711;10;3
110;711;3;2
43;711;2;1
218;1505;2;1
150;712;1;6
76;712;4;5
18;712;2;4
133;712;4;3
216;520;2;1
39;712;4;2
110;712;2;1
27;1511;6;3
76;1511;8;2
32;1511;3;1
1;714;1;2
116;714;1;1
1;715;8;2
33;715;2;1
35;1300;2;1
483;716;1;3
423;716;1;2
637;716;1;1
67;717;2;3
109;717;2;2
1;717;4;1
132;478;2;1
83;477;15;1
225;476;20;1
40;4;3;1
133;719;2;4
819;1454;2;1
27;719;3;3
132;719;3;2
39;719;4;1
35;919;2;1
438;719;1;9
651;719;1;8
171;719;2;7
172;720;15;5
571;720;4;4
48;720;2;3
370;1028;1;3
275;720;2;2
595;720;4;1
27;1234;10;2
168;721;5;8
132;721;4;7
133;721;8;6
76;721;8;5
2;721;4;4
122;721;4;3
446;889;1;9
39;721;4;2
438;722;1;8
651;722;1;7
171;722;20;6
139;722;2;5
137;722;2;4
132;722;5;3
82;723;2;1
482;724;1;3
146;725;1;2
132;725;3;1
365;331;5;6
23;221;10;9
175;201;5;5
108;727;2;5
438;728;1;8
651;728;1;7
166;728;20;6
109;728;4;5
137;728;2;4
154;313;1;9
166;717;28;6
168;729;25;5
64;729;3;4
225;729;5;3
132;1097;4;2
154;1370;1;5
448;100;1;7
136;1370;2;4
118;732;2;4
98;733;2;5
166;733;30;4
39;733;2;3
102;733;4;2
27;733;5;1
411;734;1;5
275;734;2;4
133;734;3;3
132;734;4;2
43;734;2;1
21;198;1;1
177;735;25;3
271;735;10;2
43;512;2;4
39;735;4;1
181;736;80;5
275;736;15;4
76;736;15;3
130;736;15;2
67;736;10;1
651;760;1;8
130;737;2;5
76;737;4;4
18;737;4;3
39;737;4;2
874;737;3;1
460;1081;1;6
91;1506;3;6
411;829;1;6
275;829;3;5
97;829;2;4
27;829;3;3
277;829;5;2
868;347;1;3
40;347;3;2
235;347;4;1
137;1370;3;3
387;485;1;7
76;1268;3;2
101;194;4;2
35;378;2;2
235;378;3;1
111;375;5;2
35;375;2;1
123;374;5;2
43;374;10;1
18;377;10;2
132;377;10;1
161;621;300;3
665;740;1;7
181;1259;5;8
130;740;4;6
136;740;2;5
76;740;3;4
275;740;3;3
60;740;3;2
12;573;3;6
130;742;2;5
28;742;2;4
27;742;2;3
101;742;3;2
56;742;2;1
23;743;25;6
17;743;1;5
76;743;4;4
122;743;3;3
103;743;3;2
219;743;2;1
102;749;20;4
136;749;20;3
133;751;15;6
137;751;15;5
136;751;25;4
76;751;25;3
35;751;10;2
53;751;10;1
277;748;35;6
109;748;15;5
133;748;15;4
2;748;15;3
46;748;10;2
49;748;10;1
27;752;90;3
758;750;2;1
275;752;40;2
60;750;70;3
27;750;70;2
634;1211;1;11
76;1045;4;3
36;1047;2;2
166;266;33;6
76;1047;10;1
130;754;5;7
109;754;5;6
132;754;5;5
133;754;5;4
76;754;10;3
27;754;10;2
225;754;10;1
38;755;10;7
133;755;20;6
162;755;10;5
125;755;10;4
275;755;20;3
76;755;20;2
448;1393;1;6
16;1393;1;5
140;1393;1;4
97;1393;2;3
365;757;20;6
350;757;3;5
275;757;20;4
64;757;20;3
76;1504;5;3
109;1504;3;2
140;1064;1;5
413;757;40;2
27;759;2;4
67;759;2;3
1;759;2;2
109;759;2;1
133;760;2;6
102;760;2;5
167;761;30;4
27;761;3;3
571;761;2;2
35;761;2;1
275;762;3;5
113;762;2;4
122;762;2;3
21;731;1;1
438;922;1;10
1;765;25;1
593;569;3;1
146;767;1;2
245;767;8;1
131;1052;2;2
109;1115;2;2
133;286;2;2
131;286;3;1
131;1161;2;2
171;918;10;7
50;1097;2;1
84;1141;6;2
21;368;1;1
55;281;2;1
76;772;40;5
133;772;15;4
111;772;15;3
108;772;15;2
35;772;15;1
277;1523;5;2
35;1523;2;1
171;773;2;9
136;773;2;8
23;773;15;7
17;773;1;6
76;773;3;5
82;773;2;4
102;773;2;3
103;773;2;2
49;773;2;1
133;774;80;2
275;774;20;1
76;1393;8;2
554;1292;1;2
816;1292;1;1
133;924;2;2
131;924;3;1
18;943;3;2
67;776;2;5
216;1407;2;1
275;776;4;4
614;1023;1;1
166;776;5;3
177;776;5;2
380;776;4;1
180;777;15;4
60;777;2;3
76;777;3;2
136;777;2;1
136;755;10;1
868;778;1;2
13;778;8;1
131;1353;4;2
874;1353;2;1
27;780;2;2
277;780;6;1
154;781;1;7
133;781;2;6
466;1045;4;1
109;1519;3;2
133;783;3;2
132;783;4;1
27;784;2;2
277;784;6;1
27;785;6;2
55;785;2;1
133;246;2;2
49;246;2;1
35;943;2;1
35;1161;2;1
32;922;2;1
235;1115;2;1
48;789;2;2
21;789;1;1
30;1141;4;1
62;1052;2;1
1;937;1;1
438;158;1;7
177;792;25;3
166;792;25;2
218;792;4;1
21;793;1;4
275;793;3;3
152;793;1;2
61;793;2;1
30;794;2;5
154;794;2;4
275;794;3;3
891;1509;1;7
438;1294;1;7
651;1294;1;6
308;796;20;3
67;796;1;2
61;796;2;1
181;797;10;4
166;797;10;3
33;797;2;2
61;797;2;1
181;798;10;5
176;798;10;4
67;798;1;3
64;798;1;2
61;798;2;1
23;799;10;6
27;799;10;5
460;799;1;4
21;799;1;3
275;799;2;2
91;800;4;5
237;800;1;4
119;800;2;3
275;800;4;2
237;801;2;4
91;801;10;3
275;801;4;2
119;801;3;1
181;802;76;5
109;802;6;4
130;802;6;3
132;802;8;2
43;802;4;1
154;803;3;6
133;803;6;5
97;803;4;4
123;803;4;3
275;803;8;2
136;803;4;1
154;804;2;5
76;804;15;4
111;804;4;3
108;804;4;2
35;804;4;1
878;805;3;4
137;805;10;3
134;805;10;2
76;805;10;1
17;806;75;4
109;806;9;3
130;806;9;2
277;1356;5;2
17;807;3;5
132;807;9;4
109;807;6;3
102;807;6;2
43;807;4;1
166;808;76;8
130;808;4;7
96;808;2;6
109;808;2;5
76;808;4;4
27;808;4;3
82;808;4;2
49;808;4;1
23;809;75;4
130;809;10;3
122;809;10;2
43;809;5;1
154;810;3;7
44;810;4;6
275;810;8;5
130;810;4;4
136;810;5;3
76;810;15;2
21;810;1;1
166;811;72;5
50;811;4;4
275;811;8;3
136;811;8;2
110;811;8;1
234;812;4;2
154;812;1;1
237;1449;1;1
162;1452;20;3
146;813;1;2
483;813;4;1
464;1030;15;1
55;1038;2;1
152;814;1;4
661;814;5;3
312;814;2;2
311;814;2;1
438;402;1;9
1;815;30;3
109;815;20;2
67;815;20;1
762;1393;1;7
27;816;60;2
275;816;40;1
387;490;1;6
109;1565;3;2
76;1564;7;2
132;1048;4;2
97;1048;4;1
21;681;1;1
20;818;1;5
1;818;3;4
133;818;2;3
21;819;1;1
275;820;4;3
15;820;5;2
412;820;2;1
134;518;2;1
39;519;4;2
47;519;2;1
152;822;1;3
275;822;2;2
82;822;5;1
152;823;1;4
275;823;4;3
82;823;8;2
21;823;1;1
152;824;1;4
171;824;5;3
275;824;4;2
82;824;4;1
365;825;13;5
275;825;4;4
363;825;2;3
28;825;8;2
364;825;2;1
275;826;4;6
365;826;10;5
364;826;2;4
363;826;2;3
133;826;3;2
350;827;1;6
365;827;3;5
364;827;4;4
413;827;8;3
76;1142;2;2
275;827;4;2
132;826;4;1
818;1452;1;2
458;1452;3;1
168;1451;10;5
275;1451;4;4
438;183;1;8
651;183;1;7
109;937;2;2
109;1042;2;2
44;1042;2;1
76;1318;40;1
76;930;2;3
76;910;3;2
1;415;3;3
458;1354;2;1
422;835;4;4
76;835;6;3
83;835;15;2
275;549;4;2
21;549;1;1
235;551;2;1
139;980;2;2
139;1454;2;5
131;1454;2;4
76;1454;4;3
122;1454;2;2
651;1010;1;2
438;1010;1;1
16;839;1;4
11;839;1;3
271;839;8;2
105;839;5;1
181;918;20;8
131;722;2;2
275;463;4;6
101;463;2;5
271;463;5;4
27;463;3;3
64;463;2;2
21;463;1;1
166;323;20;5
18;947;2;4
96;323;2;4
109;323;2;3
277;323;6;2
154;324;1;5
130;324;4;4
125;324;2;3
76;324;6;2
38;324;2;1
17;843;1;2
255;843;4;1
275;844;4;2
38;844;2;1
102;1239;20;2
113;850;2;8
438;846;1;6
651;846;1;5
23;846;15;4
636;846;1;3
180;847;20;6
275;847;4;5
76;847;4;4
27;428;4;1
133;847;3;3
115;847;2;2
704;850;2;7
571;849;1;2
1;849;1;1
216;491;2;1
91;1138;6;1
546;851;1;4
64;851;2;3
416;851;4;2
234;851;2;1
130;760;2;4
137;760;2;3
27;760;3;2
64;1371;4;2
468;1069;1;1
275;37;4;2
21;37;1;1
132;727;4;2
38;727;2;1
68;323;2;1
44;142;4;1
83;166;3;1
380;853;8;2
21;853;1;1
68;722;2;1
47;158;2;1
67;855;2;4
109;855;2;3
1;855;2;2
380;855;4;1
55;424;2;1
27;856;5;3
133;856;5;2
275;856;3;1
275;857;4;3
46;857;2;2
133;857;2;1
878;857;1;5
380;857;5;4
171;858;5;7
23;858;15;6
17;858;1;5
110;858;3;4
380;858;4;3
275;858;4;2
55;858;2;1
134;859;3;5
169;859;5;4
438;148;1;10
714;1212;1;17
109;859;2;3
175;860;20;6
27;860;6;5
139;860;2;4
133;860;2;3
275;860;3;2
269;619;2;7
68;860;2;1
23;861;33;5
64;861;4;4
275;861;4;3
380;861;6;2
21;861;1;1
438;947;1;11
172;697;12;9
891;707;1;8
133;1268;3;3
677;863;1;4
677;865;1;3
1;865;15;2
275;1560;4;1
308;875;25;4
878;876;1;3
275;876;4;2
28;876;4;1
237;330;1;6
438;877;1;8
651;877;1;7
177;877;30;6
161;878;25;5
154;878;1;4
275;878;3;3
133;878;3;2
181;879;15;5
171;879;10;4
172;879;15;3
62;879;2;2
68;879;2;1
166;880;5;8
17;880;1;7
106;880;3;6
271;880;4;5
275;880;4;4
111;880;2;3
448;1051;1;9
64;880;2;2
448;881;1;6
16;881;1;5
140;881;1;4
387;487;1;6
91;881;2;3
83;881;4;2
171;882;27;6
97;882;2;5
76;882;4;4
13;882;4;3
46;882;2;2
121;882;2;1
177;883;28;6
76;883;6;5
275;911;4;3
275;883;4;4
97;883;2;3
115;883;2;2
55;883;2;1
172;884;30;5
97;884;2;4
76;884;6;3
13;884;2;2
68;884;2;1
109;1564;3;5
897;1564;2;4
275;1564;4;3
7;1033;1;4
459;886;30;5
44;886;2;4
255;886;2;3
269;886;4;2
97;886;2;1
171;887;20;5
97;887;2;4
133;887;2;3
27;887;8;2
46;887;2;1
237;888;1;3
275;888;4;2
97;888;6;1
651;889;1;8
171;889;16;7
133;889;5;6
96;889;3;5
131;889;3;4
84;889;5;3
76;889;5;2
68;889;2;1
16;701;1;7
448;132;1;8
12;890;1;3
132;890;2;2
82;890;2;1
166;891;55;4
109;891;5;3
111;891;5;2
130;891;5;1
172;1515;10;7
171;1515;25;6
47;1513;2;6
877;1513;1;5
101;1513;2;4
275;1513;3;3
133;1513;2;2
27;1513;6;1
867;1512;20;6
132;1512;4;5
882;1517;1;5
38;1517;2;4
275;1517;3;3
413;1517;6;2
21;1517;1;1
177;1516;10;4
882;1516;1;3
76;1516;6;2
136;1516;2;1
275;1345;3;1
646;1515;2;5
97;1515;2;4
18;1507;8;2
68;1507;2;1
166;1506;5;5
237;1506;1;4
38;416;2;1
116;1512;3;4
102;1512;2;3
113;1512;2;2
30;1512;2;1
132;1511;4;4
134;1509;2;6
459;1509;20;5
76;1509;8;4
269;1509;4;2
271;1508;6;1
56;899;5;2
166;899;35;2
177;899;30;1
166;900;60;3
40;900;5;2
67;900;5;1
166;901;35;5
162;901;10;4
167;901;15;3
43;901;5;2
35;901;5;1
92;849;1;3
859;1505;1;6
109;1505;2;5
137;1505;3;4
76;1505;3;3
181;441;20;6
275;877;4;3
21;827;1;1
21;904;1;1
365;1135;15;6
21;869;1;6
139;1137;2;2
459;905;30;3
275;905;2;2
235;905;4;1
237;907;1;3
275;907;2;2
21;907;1;1
651;908;1;6
237;908;1;5
131;908;2;4
275;908;4;3
84;908;6;2
234;911;4;2
106;911;4;1
156;912;1;7
102;912;2;6
269;912;2;5
139;912;2;4
136;912;2;3
137;912;2;2
53;912;2;1
92;913;1;2
116;913;2;1
44;1284;2;1
102;914;1;2
132;914;2;1
109;929;3;3
181;915;15;7
130;915;10;6
27;915;10;5
76;915;10;4
101;915;3;3
133;915;3;2
56;915;2;1
171;60;30;4
234;917;1;2
106;917;1;1
130;918;2;6
76;918;2;5
139;918;2;4
131;918;2;3
133;918;2;2
44;918;2;1
651;919;1;7
20;919;1;6
102;919;2;5
109;919;2;4
76;919;2;3
97;919;3;2
860;920;1;6
132;920;4;5
18;920;2;4
84;920;2;3
115;920;2;2
38;920;2;1
175;921;15;8
27;921;3;7
132;921;3;6
76;921;6;5
82;921;4;4
2;921;3;3
122;921;3;2
68;921;2;1
651;922;1;9
98;922;2;8
154;922;1;7
130;922;2;6
76;922;5;5
131;922;2;4
275;922;4;3
101;922;2;2
181;923;10;9
168;923;5;8
115;923;2;7
166;923;10;6
123;923;2;5
133;923;2;4
275;923;4;3
132;923;2;2
30;923;2;1
136;923;2;11
108;923;2;10
438;924;1;9
651;924;1;8
98;924;2;7
76;924;4;6
154;924;1;5
132;924;2;4
115;924;2;3
162;925;15;8
133;925;4;7
122;925;4;6
76;925;8;5
27;925;8;4
121;925;4;3
275;925;4;2
438;518;1;9
176;1511;5;10
156;1511;1;9
169;872;5;4
82;872;3;3
417;872;4;2
414;872;1;1
387;927;1;5
16;927;1;4
11;927;1;3
226;927;8;2
91;928;2;7
180;928;27;6
275;928;3;5
76;928;4;4
123;928;2;3
97;928;2;2
133;1142;2;4
132;1142;3;3
23;929;25;6
181;930;30;7
102;930;3;6
130;930;2;5
27;930;2;4
91;931;2;6
177;931;15;5
166;931;15;4
109;931;2;3
27;931;5;2
47;931;2;1
91;932;10;6
177;932;35;5
109;932;5;4
166;932;35;3
47;932;5;2
27;932;10;1
181;933;15;5
275;933;5;4
76;933;15;3
130;933;15;2
91;934;4;5
23;934;20;4
162;934;5;3
13;934;2;2
46;934;2;1
438;935;1;8
651;935;1;7
159;935;1;6
132;935;4;5
133;935;2;4
139;935;2;3
162;936;15;8
121;936;2;7
132;936;8;6
76;936;8;5
84;936;8;4
139;936;2;3
133;936;2;2
48;936;2;1
438;937;1;8
651;937;1;7
171;937;20;6
131;937;2;5
76;937;2;4
76;1238;40;3
152;938;1;5
100;937;1;3
171;938;10;4
595;938;6;3
275;938;3;2
21;938;1;1
83;1251;30;2
91;939;3;4
167;939;30;3
269;939;2;2
106;939;3;1
438;940;1;11
651;940;1;10
12;940;2;9
23;940;10;8
130;940;2;6
76;940;2;4
131;940;2;3
133;940;2;2
48;940;2;1
181;941;20;3
156;941;2;2
62;941;4;1
166;942;20;7
171;942;10;6
275;942;4;5
137;942;2;4
132;942;2;3
76;942;5;2
438;943;1;8
651;943;1;7
166;943;15;6
177;943;15;5
131;943;2;4
27;943;5;3
7;944;1;6
177;944;10;5
133;944;3;4
132;944;4;3
275;944;4;2
47;944;2;1
102;929;2;5
405;945;1;5
275;945;3;4
64;945;3;3
27;945;6;2
21;945;1;1
658;946;1;6
233;946;1;5
275;946;4;4
64;946;2;3
27;946;8;2
50;376;2;1
76;948;2;4
269;948;2;3
131;948;3;2
47;948;2;1
154;949;1;4
275;949;4;3
139;949;4;2
269;949;5;1
177;950;15;4
180;950;15;3
84;950;4;2
269;950;4;1
83;1407;2;3
134;951;2;5
16;703;1;6
159;951;1;4
269;951;5;3
108;951;3;2
38;951;2;1
12;952;2;4
154;952;1;3
269;952;3;2
116;952;5;1
237;953;1;4
234;953;2;3
27;953;4;2
269;953;2;1
237;954;1;5
76;954;4;4
122;954;2;3
133;954;2;2
422;954;2;1
38;1343;2;1
166;955;33;5
27;955;3;4
109;955;3;3
234;955;2;2
57;955;2;1
166;956;33;4
416;956;3;3
109;956;3;2
269;956;3;1
16;957;1;7
140;957;1;6
97;957;2;5
106;957;2;4
133;957;3;3
84;957;3;2
422;957;2;1
16;228;1;6
105;526;2;1
225;652;3;1
132;260;2;1
13;958;3;5
76;958;3;4
109;958;2;3
102;958;2;2
55;958;2;1
20;959;1;5
130;959;2;4
131;959;2;3
76;959;3;2
171;959;3;1
27;415;4;1
13;960;2;5
1;960;2;4
84;960;3;3
167;960;10;2
103;960;3;1
16;961;1;6
143;961;1;5
637;961;2;4
416;961;2;3
423;961;2;2
133;961;2;1
16;962;1;5
140;962;1;4
91;962;5;3
102;962;3;2
13;962;2;1
651;963;1;7
20;963;1;6
35;963;2;5
133;963;2;4
171;963;3;3
76;963;4;2
446;964;1;7
20;964;1;6
172;964;3;5
97;964;2;4
27;964;3;3
38;964;2;2
446;965;1;8
651;965;1;7
20;965;1;6
49;965;2;5
122;965;2;4
2;965;2;3
103;965;4;2
16;966;1;6
143;966;1;5
422;966;2;4
271;966;4;3
416;966;4;2
651;967;1;6
20;967;1;5
109;967;3;4
1;967;3;3
27;967;3;2
30;967;2;1
131;963;2;1
139;964;3;1
76;965;3;1
106;966;3;1
651;968;1;6
20;968;1;5
172;968;3;4
97;968;2;3
136;968;2;2
269;968;3;1
271;969;4;2
423;969;3;1
448;969;1;7
143;969;1;6
16;969;1;5
133;969;2;4
448;973;1;5
438;611;1;8
651;611;1;7
98;1268;2;5
446;971;1;5
651;971;1;4
20;971;1;3
446;974;1;5
448;972;1;5
16;972;1;4
143;972;2;3
16;973;1;4
140;973;2;3
40;973;1;2
651;974;1;4
20;974;2;3
40;974;2;2
448;975;1;5
16;975;1;4
140;975;2;3
40;975;2;2
438;976;1;5
651;976;1;4
20;976;2;3
16;1406;1;4
438;760;1;9
767;1408;1;8
11;1406;1;3
35;1409;3;1
446;978;1;5
651;978;1;4
171;978;15;3
20;978;1;2
438;979;1;11
651;979;1;10
175;979;5;9
636;979;1;8
102;979;2;7
139;979;2;6
116;979;2;5
438;980;1;11
651;980;1;10
131;980;2;9
171;980;5;8
23;980;15;7
17;980;1;6
27;980;2;5
76;980;2;4
132;980;2;3
448;981;1;5
16;981;1;4
143;981;2;3
167;981;3;2
446;982;1;5
651;982;1;4
427;982;2;3
40;982;2;2
169;971;15;2
446;983;1;5
651;983;1;4
427;983;2;3
56;983;2;2
446;984;1;5
651;984;1;4
427;984;2;3
172;984;4;2
446;985;1;5
651;985;1;4
427;985;2;3
166;985;3;2
275;1521;3;2
662;1068;1;13
703;1068;1;12
103;920;2;7
269;593;4;2
7;469;1;8
154;469;1;7
275;469;4;6
438;1091;1;4
834;988;3;4
810;988;3;3
91;988;3;2
593;988;3;1
661;989;3;4
234;989;3;3
269;989;3;2
483;989;3;1
438;781;1;10
47;1356;2;1
887;1449;4;2
423;990;1;5
98;1211;1;13
646;990;3;4
101;990;3;3
113;990;3;2
110;990;3;1
651;781;1;9
12;1502;1;5
118;991;2;3
116;991;2;2
119;991;2;1
234;996;2;10
483;996;2;9
16;1408;1;6
20;1408;1;5
766;1407;1;9
448;1407;1;8
16;1407;1;7
139;993;3;5
1;993;3;4
628;993;3;3
2;993;3;2
122;993;3;1
181;781;5;8
275;1511;3;7
137;1511;2;6
28;1511;4;5
169;1510;25;4
877;1510;1;3
35;1510;3;2
633;995;2;5
139;995;2;4
125;995;2;3
112;995;2;2
646;995;2;1
651;1352;1;8
76;221;2;6
15;996;2;8
129;996;2;7
92;996;2;6
91;996;2;5
225;996;2;4
109;997;2;5
423;997;2;4
637;997;2;3
83;997;2;2
466;997;2;1
61;79;2;1
35;971;4;1
167;972;3;2
209;973;2;1
171;974;4;1
422;975;2;1
40;976;2;2
225;1406;4;1
819;978;2;1
209;981;2;1
35;982;2;1
167;983;4;1
235;984;2;1
55;985;2;1
448;957;1;8
106;132;2;1
16;263;1;6
448;396;1;8
448;228;1;7
448;229;1;7
106;521;3;1
83;526;3;2
106;506;3;2
36;509;2;1
216;642;2;1
55;695;1;1
423;701;2;5
133;652;3;2
448;260;1;7
106;881;4;1
16;710;1;6
216;700;2;1
448;395;1;5
140;958;1;6
446;959;1;7
109;415;2;2
448;961;1;7
448;962;1;6
446;963;1;8
651;964;1;8
448;966;1;7
446;967;1;7
446;968;1;7
83;969;3;3
16;998;1;3
83;998;2;2
1;998;2;1
166;1002;15;3
181;1002;15;2
38;752;20;1
46;1146;2;2
166;1001;25;3
235;1002;2;1
171;1003;15;4
172;1003;15;3
171;1004;25;3
237;1004;2;2
55;1004;4;1
595;1031;1;4
15;1031;1;3
176;1005;35;3
17;1005;2;2
48;1005;4;1
461;1145;1;6
139;1145;3;5
275;1145;4;4
275;1006;4;4
166;1006;40;3
167;1006;25;2
53;1006;4;1
27;1145;9;3
169;1144;15;4
154;1144;2;3
172;1007;30;3
168;1007;30;2
46;1007;4;1
55;1144;2;2
67;6;2;2
44;6;2;1
97;1149;2;2
181;23;15;2
175;23;15;1
27;1151;6;1
11;1150;2;3
64;1150;4;2
181;56;20;3
166;82;50;2
67;82;2;1
64;1148;3;3
177;2;25;2
166;2;25;1
109;1142;2;1
167;9;20;2
49;9;4;1
225;1149;4;1
40;11;2;2
44;11;2;1
76;1148;6;2
860;24;1;2
68;24;4;1
423;1148;4;1
234;1147;2;2
43;33;2;2
35;33;2;1
269;1147;2;1
181;1001;50;2
235;1001;4;1
470;1146;2;1
1;1051;2;2
83;1051;2;1
35;534;2;1
67;605;1;2
48;605;3;1
68;1144;2;1
68;1143;2;1
438;1143;1;8
651;1143;1;7
162;1038;15;5
27;1038;9;4
275;1038;4;3
38;1038;2;2
168;1039;25;7
176;1039;15;6
96;1039;2;5
115;1039;2;4
275;1039;4;3
27;1039;3;2
133;1039;2;1
459;1040;25;2
269;1040;8;1
448;1041;1;7
16;1041;1;6
140;1041;1;5
83;1041;2;4
27;1041;4;3
97;1041;2;2
104;1041;2;1
134;267;2;5
166;429;15;5
438;1042;1;12
651;1042;1;11
171;1042;3;10
23;1042;10;9
17;1042;1;8
131;1042;2;7
139;1042;2;6
96;1042;2;5
27;1042;4;4
115;1042;2;3
166;1043;25;6
275;1043;4;5
1;1043;3;4
109;1043;3;3
132;1043;4;2
119;1044;2;8
308;1044;15;7
275;1044;4;6
269;1044;2;5
132;1044;3;4
109;1044;2;3
101;1044;2;2
32;1044;2;1
459;1047;25;3
448;1045;1;6
16;1045;1;5
140;1045;1;4
448;1048;1;6
16;1048;1;5
140;1048;1;4
36;1048;2;3
438;1049;1;12
387;1050;1;6
651;1049;1;11
98;1049;2;10
468;1049;1;9
76;1049;5;8
84;1049;5;7
27;1049;5;6
132;1049;4;5
2;1049;2;4
130;1049;3;3
448;1050;1;5
16;1050;1;4
11;1050;1;3
64;1050;4;2
166;534;15;5
180;534;15;4
181;534;15;3
47;534;2;2
438;1052;1;9
651;1052;1;8
121;1052;2;7
166;1052;25;6
113;1052;2;5
133;1052;4;4
76;1052;4;3
175;1053;10;7
166;1053;15;6
84;1053;2;5
27;1053;4;4
76;1053;4;3
113;1053;2;2
176;1054;10;8
177;1054;20;7
146;840;1;2
46;1054;2;6
86;1054;2;5
275;1054;4;4
101;1054;2;3
271;1054;4;2
167;1055;25;7
18;1055;2;6
132;1055;2;5
416;1055;2;4
133;1055;2;3
101;1055;2;2
46;1055;2;1
651;947;1;10
181;947;3;9
460;947;1;8
438;1261;1;9
109;947;2;7
27;947;2;6
459;1056;25;4
106;1056;3;3
234;1056;3;2
269;1056;3;1
177;1057;4;7
158;1057;1;6
133;1057;3;5
271;1057;6;4
275;1057;4;3
64;1057;2;2
21;1057;1;1
448;1058;1;5
16;1058;1;4
20;1058;1;3
13;1058;8;2
105;1058;2;1
168;1059;5;5
146;1059;1;4
86;1059;2;3
18;1059;6;2
470;1059;2;1
169;1060;5;8
23;1060;10;7
154;1060;1;6
76;1060;5;5
132;1060;2;4
269;1060;2;3
133;1060;2;2
55;1060;2;1
98;1061;2;8
23;1061;10;7
159;1061;1;6
27;1061;4;5
133;1061;2;4
96;1061;2;3
275;1061;3;2
131;1061;2;1
891;1062;1;10
438;1062;1;9
651;1062;1;8
462;1062;1;7
225;1062;4;6
84;1062;4;5
76;1062;8;4
109;1062;4;3
23;1063;5;9
651;1063;1;8
468;1063;1;7
130;1063;2;6
109;1063;2;5
27;1063;2;4
76;1063;2;3
448;1064;1;7
16;1064;1;6
132;1064;3;4
83;1064;4;3
76;1064;4;2
101;1064;4;1
180;1065;10;10
167;1065;10;9
176;1065;10;8
130;1065;2;7
102;1065;2;6
101;1065;2;5
133;1065;3;4
132;1065;4;3
27;1065;4;2
48;1065;2;1
136;1066;2;5
168;1066;25;4
133;1066;3;3
76;1066;5;2
470;1066;2;1
55;423;2;1
27;859;6;2
49;859;2;1
658;1352;1;7
27;1565;6;1
460;1352;1;6
100;850;2;9
714;845;2;10
226;845;2;9
234;845;2;8
119;845;2;7
416;845;2;6
270;845;2;5
91;845;2;4
132;845;2;3
255;845;2;2
12;845;2;1
878;1067;1;6
27;1067;2;5
234;1067;2;4
132;1067;2;3
105;1067;2;2
36;1067;2;1
438;1070;1;9
651;1070;1;8
176;1070;3;7
462;1070;1;6
132;1070;4;5
133;1070;3;4
83;1045;4;2
136;1084;2;7
460;1084;1;6
40;1084;2;5
84;1084;3;4
122;1084;2;3
2;1084;2;2
132;1084;3;1
133;1085;5;4
593;1085;3;3
209;1085;2;2
669;1085;1;1
438;1086;1;10
651;1086;1;9
171;1086;5;8
23;1086;5;7
468;1086;1;6
27;1086;3;4
43;1086;4;2
21;1086;1;1
30;1087;2;5
172;1087;20;4
110;1087;4;3
76;1087;4;2
113;1087;2;1
175;1088;25;5
139;1088;2;4
137;1088;2;3
15;1088;2;2
110;1088;3;1
27;1089;4;4
109;1089;2;3
1;1089;2;2
67;1089;2;1
547;1090;1;5
60;1090;2;4
123;1090;2;3
136;1090;2;2
76;1090;4;1
233;1091;2;2
646;1091;5;1
97;739;3;1
160;1092;33;4
96;1092;2;3
84;1092;6;2
48;1092;2;1
547;1092;1;5
662;1093;1;5
130;1093;4;4
101;1093;2;3
113;1093;2;2
18;1093;5;1
438;1094;1;11
651;1094;1;10
171;1094;5;9
136;1094;2;8
23;1094;5;7
462;1094;1;6
76;1094;2;5
133;1094;2;4
103;1094;2;3
387;1095;1;5
448;1095;1;4
16;1095;1;3
133;1095;10;2
547;1096;1;5
86;1096;2;4
131;1096;2;3
84;1096;4;2
470;1096;2;1
438;1097;1;8
651;1097;1;7
177;1097;25;6
108;1097;2;5
131;1097;2;4
18;1097;4;3
438;1098;1;8
651;1098;1;7
172;1098;5;6
468;1098;1;5
76;1098;3;4
133;1098;3;3
438;1099;1;10
651;1099;1;9
169;1099;5;8
468;1099;1;7
130;1099;4;6
101;1099;4;5
275;1099;5;4
133;1099;4;3
470;49;2;4
23;1100;15;9
480;1100;1;8
115;1100;2;7
133;1100;2;6
2;1100;2;5
76;1100;2;4
27;1100;2;3
84;1100;2;2
49;1100;2;1
178;1101;25;5
122;1101;2;4
133;1101;4;3
76;1101;4;2
97;1101;2;1
167;1102;25;6
27;1102;3;5
84;1102;3;4
109;1102;2;3
38;1102;2;2
101;1102;2;1
438;1103;1;7
651;1103;1;6
166;1103;25;5
86;1103;3;4
131;1103;2;3
178;1104;20;5
23;1104;20;4
269;1104;1;3
67;1104;2;2
97;1104;2;1
175;1105;19;5
275;1105;4;4
132;1105;8;3
416;1105;2;2
55;1105;2;1
446;1106;1;8
651;1106;1;7
20;1106;1;6
67;1106;2;5
109;1106;2;4
1;1106;2;3
76;1106;2;2
132;1106;3;1
98;1331;2;6
446;1107;1;8
651;1107;1;7
427;1107;1;6
67;1107;2;5
109;1107;2;4
1;1107;2;3
27;1107;2;2
76;1107;2;1
154;1331;1;5
175;1108;25;6
130;1108;3;5
102;1108;2;4
136;1108;2;3
651;1061;1;9
76;1108;3;2
44;1108;2;1
1;1109;3;7
133;1109;2;6
76;1109;2;5
416;1109;2;4
275;1109;2;3
97;1109;2;2
67;1109;2;1
269;1110;2;6
172;1110;20;5
109;1110;2;4
133;1110;3;3
27;1110;4;2
48;1110;2;1
459;1111;30;4
13;1111;4;3
76;1111;4;2
269;1111;2;1
21;691;1;1
55;27;2;2
49;27;2;1
308;1112;20;6
62;1112;2;5
97;1112;2;4
27;1112;4;3
108;1112;2;2
1;1112;3;1
448;1113;1;7
16;1113;1;6
143;1113;1;5
76;1113;5;4
105;1113;2;3
97;1113;2;2
67;1113;2;1
438;1114;1;8
651;1114;1;7
176;1114;3;6
462;1114;1;5
121;1114;3;4
76;1114;5;3
438;1115;1;8
651;1115;1;8
171;1115;5;6
468;1115;1;5
27;1115;8;4
131;1115;2;3
448;1116;1;7
16;1116;1;6
143;1116;1;5
76;1116;5;4
97;1116;2;3
105;1116;2;2
83;1116;2;1
651;1117;1;6
460;1117;1;5
101;1117;2;4
109;1117;2;3
28;1117;4;2
181;1118;33;6
60;1118;2;5
275;1118;4;4
136;1118;2;3
133;1118;2;2
132;1118;4;1
438;1119;1;9
651;1119;1;8
172;1119;3;7
468;1119;1;6
76;1119;3;5
130;1119;3;4
136;1119;2;3
438;1120;1;7
651;1120;1;6
461;1120;1;5
13;1120;3;4
269;1120;2;3
237;1121;1;6
27;1121;4;5
101;1121;3;4
133;1121;2;3
275;1121;4;2
38;1121;2;1
438;1122;1;9
651;1122;1;8
98;1122;2;7
23;1122;10;6
468;1122;1;5
137;1122;2;4
76;1122;4;3
446;1123;1;10
651;1123;1;9
20;1123;1;8
76;1123;5;7
131;1123;2;6
82;1123;2;5
83;1123;3;4
108;1123;3;3
43;1123;1;2
209;1123;2;1
448;1124;1;9
16;1124;1;8
140;1124;1;7
426;1124;2;6
97;1124;2;5
76;1124;2;4
13;1124;2;3
1;1124;3;2
83;1124;3;1
438;1125;1;10
651;1125;1;9
175;1125;2;8
461;1125;1;7
139;1125;2;6
125;1125;1;5
27;1125;3;4
130;1125;2;3
462;1126;1;8
181;1126;10;7
139;1126;2;6
96;1126;2;5
27;1126;3;4
102;1126;2;3
133;1126;2;2
55;1126;2;1
448;1127;1;5
16;1127;1;4
140;1127;1;3
28;1127;5;2
422;1127;2;1
438;1128;1;7
651;1128;1;6
175;1128;5;5
636;1128;1;4
139;1128;3;3
27;1128;4;2
62;1128;2;1
38;760;2;1
168;1129;10;6
156;1129;1;5
97;1129;2;4
269;1129;2;3
48;1129;2;2
18;1129;4;1
459;1130;20;4
234;1130;4;3
269;1130;4;2
46;1130;2;1
84;1131;2;5
423;1131;2;4
102;1131;2;3
133;1131;2;2
209;1131;2;1
166;1131;33;7
27;1131;4;6
175;1132;5;6
154;1132;1;5
245;1132;3;4
139;1132;2;3
275;1132;4;2
48;1132;2;1
166;1133;33;7
102;1133;2;6
97;1133;2;5
137;1133;2;4
132;1133;4;3
275;1133;4;2
30;1133;2;1
91;1134;4;6
480;1134;1;5
275;1134;4;4
101;1134;2;3
416;1134;2;2
57;1134;2;1
365;1136;5;6
350;1136;1;5
275;1136;4;4
413;1136;15;3
64;1136;6;2
21;1136;1;1
134;1137;2;7
462;1137;1;6
101;1137;2;5
27;1137;5;4
130;1137;2;3
387;1138;1;6
448;1138;1;5
16;1138;1;4
11;1138;2;3
64;1138;2;2
438;1139;1;8
651;1139;1;7
181;1139;5;6
460;1139;1;5
119;1139;2;4
234;1139;3;3
651;1140;1;5
438;1140;1;4
438;1141;1;10
651;1141;1;9
171;1141;10;8
154;1141;1;7
131;1141;4;6
133;1141;6;5
123;1141;4;4
27;1141;6;3
865;1068;1;18
866;1068;1;17
140;1068;1;16
768;1068;1;15
760;1392;70;3
162;42;15;6
154;42;2;5
151;1068;1;14
168;739;25;5
237;1479;1;6
619;1069;1;7
387;1151;1;7
448;1151;1;6
16;1151;1;5
11;1151;2;4
481;724;1;2
132;724;2;1
448;1152;1;6
16;1152;1;5
140;1152;1;4
97;1152;2;3
132;1152;4;2
83;1152;4;1
547;1153;1;5
84;1153;4;4
122;1153;2;3
109;1153;2;2
68;1153;2;1
175;1154;20;7
172;1154;10;6
125;1154;2;5
470;1154;3;4
133;1154;3;3
15;1154;3;2
139;1154;2;1
76;715;5;4
237;1155;1;5
275;1155;4;4
122;1155;4;3
234;1155;4;2
21;1155;1;1
158;1156;1;8
39;1156;4;7
269;1156;2;6
109;1156;2;5
27;1156;4;4
646;1156;2;3
55;1156;2;2
21;1156;1;1
180;1157;15;6
177;1157;15;5
76;1157;5;4
115;1157;2;3
119;1157;2;2
136;1157;2;1
275;727;4;4
448;1158;1;6
16;1158;1;5
143;1158;1;4
105;1158;2;3
106;1158;4;2
84;1158;4;1
651;148;1;9
169;1159;15;4
480;1159;1;3
39;1159;4;2
36;1159;4;1
269;1160;2;6
480;1160;1;5
84;1160;4;4
136;1160;3;3
46;1160;2;2
275;1160;3;1
438;1161;1;8
651;1161;1;7
269;1161;2;6
480;1161;1;5
76;1161;3;4
133;1161;3;3
91;1162;4;5
480;1162;1;4
275;1162;3;3
234;1162;3;2
57;1162;2;1
237;1163;1;6
275;1163;4;5
271;1163;5;4
13;1163;2;3
133;1163;3;2
169;1164;33;4
234;1164;2;3
269;1164;2;2
13;1407;3;4
15;1164;3;1
115;1165;4;4
175;1165;33;3
483;1165;4;2
68;1165;2;1
38;1166;1;5
168;1166;10;4
480;1166;1;3
55;1166;2;2
470;1166;2;1
387;1167;1;7
448;1167;1;6
16;1167;1;5
11;1167;1;4
27;1167;6;3
105;1167;3;2
448;1168;1;6
16;1168;1;5
20;1168;1;4
27;1168;5;3
209;1168;2;2
105;1168;2;1
139;1169;1;5
171;1169;25;4
28;1169;8;3
275;1169;4;2
55;1169;2;1
177;1170;25;5
275;1170;4;4
115;1170;4;3
132;1170;4;2
48;1170;2;1
119;1171;2;5
154;1171;1;4
84;1171;4;3
483;1171;4;2
35;1171;2;1
628;1172;2;5
168;1172;25;4
133;1172;4;3
483;1172;3;2
470;1172;1;1
119;1173;2;5
480;1173;1;4
84;1173;4;3
271;1173;4;2
35;1173;2;1
68;1174;2;7
175;1174;20;6
113;1174;2;5
18;1174;3;4
1;1174;3;3
275;1174;4;2
86;1174;2;1
181;1175;10;5
23;1175;20;4
130;1175;2;3
133;1175;3;2
15;1175;3;1
459;1176;25;7
275;1176;3;6
76;1176;3;5
18;1176;3;4
269;1176;2;3
234;1176;2;2
52;1176;2;1
878;1177;1;5
234;1177;4;4
132;1177;4;3
275;1177;4;2
55;1177;2;1
47;367;2;1
448;1178;1;5
16;1178;1;4
140;1178;1;3
422;1178;1;2
225;1178;6;1
422;972;2;1
111;562;2;1
55;288;2;1
48;1070;2;1
275;1180;4;4
219;1180;2;3
122;1180;3;2
76;1180;4;1
48;1181;2;7
136;1181;2;6
166;1181;20;5
1;1181;3;4
76;1181;3;3
132;1181;2;2
27;1181;3;1
172;1182;5;9
17;1182;1;8
23;1182;15;7
132;1182;2;6
139;1182;2;5
133;1182;2;4
137;1182;2;3
102;1182;2;2
49;1182;2;1
67;1519;2;1
44;1378;2;1
154;1365;1;4
275;1365;3;3
133;1365;3;2
234;1365;5;1
717;1359;1;3
154;1359;1;2
275;1359;3;1
438;1359;1;6
438;1358;1;6
651;1358;1;5
717;1358;1;4
159;1358;1;3
275;1358;3;2
35;1358;2;1
868;1356;1;5
438;1357;1;6
651;1357;1;5
717;1357;1;4
53;1357;2;3
154;1357;1;2
275;1357;3;1
628;1355;2;7
154;1355;1;6
2;1355;2;5
76;1355;3;4
556;736;1;6
136;1356;2;4
271;1356;4;3
98;1354;2;8
154;1354;1;7
133;1355;3;3
131;1355;4;2
458;1355;2;1
175;1353;25;6
139;1353;2;5
125;1353;2;4
139;1354;2;6
133;1354;3;5
896;1565;1;5
166;1565;5;4
84;1354;5;4
132;1354;5;3
275;788;4;5
64;788;3;4
2;788;3;3
18;788;7;2
21;788;1;1
237;789;1;5
731;789;6;4
154;786;1;5
275;786;4;4
168;768;5;5
764;768;3;3
23;787;15;3
350;787;1;2
731;787;6;1
168;769;5;5
662;770;1;3
891;1506;1;7
68;770;3;2
731;770;8;1
64;786;2;3
271;786;7;2
2;786;3;1
76;1354;5;2
275;789;3;3
7;1269;1;5
739;1379;1;5
350;769;1;4
64;769;3;3
658;1376;1;5
703;1376;1;4
868;1376;1;3
235;1376;2;2
233;779;1;7
175;779;15;6
130;779;3;5
2;769;3;2
658;1375;1;8
233;1375;1;7
411;1562;1;5
275;1375;4;6
27;1375;4;5
76;1375;4;4
40;1376;2;1
161;1508;15;5
168;1508;15;4
727;1369;1;6
687;1369;1;5
685;1369;1;4
683;1369;1;3
684;1369;1;2
166;759;10;5
896;1374;1;5
154;1374;1;4
275;1374;3;3
235;1375;2;3
133;1375;2;2
40;1375;2;1
275;1508;3;3
64;1508;2;2
162;1507;25;5
275;1507;3;4
139;1507;2;3
7;1366;1;5
275;1366;1;4
154;1366;1;3
133;1366;3;2
7;1365;1;5
483;1366;5;1
658;1363;1;5
658;1364;1;5
717;1364;1;4
158;1364;1;3
275;1364;3;2
47;1364;3;1
2;1362;4;7
154;1362;1;6
133;1362;10;5
717;1363;1;4
411;1363;1;3
658;1361;1;5
717;1361;1;4
76;1362;10;4
131;1362;5;3
116;1362;4;2
68;1362;4;1
411;1361;1;3
68;1361;2;1
658;1360;1;5
717;1360;1;4
868;1360;1;3
651;1359;1;5
30;1359;2;4
481;1360;3;2
38;1360;2;1
68;1271;2;1
427;1068;1;11
68;1363;2;2
106;929;2;4
6;1032;1;4
882;1032;1;3
225;593;4;1
275;1294;4;5
275;1520;3;3
113;1321;2;5
547;1033;1;3
76;1463;10;2
593;1391;4;1
714;1371;2;5
665;1259;1;7
613;1023;1;13
122;1259;2;6
703;1032;1;2
688;1369;1;1
143;1068;1;10
146;1068;1;9
877;1068;1;7
862;1068;1;6
860;1068;1;5
76;1259;5;5
133;1259;3;4
859;1068;1;4
458;1321;2;1
43;1307;2;1
459;1034;1;14
21;946;1;1
181;1034;1;13
162;1034;1;12
178;1034;1;11
180;1034;1;10
133;1505;2;2
177;1034;1;9
176;1034;1;8
40;1053;2;1
175;1034;1;7
76;1408;5;1
172;1034;1;6
171;1034;1;5
169;1034;1;4
133;1043;3;1
168;1034;1;3
140;103;1;4
132;1520;4;1
681;1208;1;1
889;1209;1;2
734;1209;1;3
888;1209;1;1
555;1209;1;4
890;1292;1;3
109;1211;1;10
556;1036;1;2
553;1036;1;1
108;1211;1;9
106;1211;1;8
226;1212;1;7
245;1212;1;6
680;1212;1;5
91;1212;1;4
593;1212;1;3
595;1212;1;2
49;721;4;1
646;728;2;2
48;728;2;1
49;221;2;1
878;1214;1;5
106;1214;4;4
132;1214;4;3
275;1214;3;2
67;1214;2;1
67;248;2;1
150;1215;1;6
275;1215;3;5
109;1215;2;4
76;1215;6;3
101;1215;2;2
55;1215;2;1
150;1216;1;4
271;1216;5;3
102;1216;3;2
209;1216;2;1
134;1217;2;7
154;1217;1;6
98;1217;1;5
76;1217;5;4
136;1217;2;3
137;1217;2;2
35;1217;2;1
166;1218;10;6
592;1218;1;5
101;1218;5;4
27;1218;5;3
275;1218;4;2
32;1218;3;1
158;1219;1;5
271;1219;5;4
133;1219;3;3
115;1219;2;2
48;1219;2;1
21;1371;1;1
49;1451;2;1
692;1212;1;1
277;1331;6;1
131;1211;1;5
103;1211;1;4
571;1220;3;3
133;1220;2;2
48;1220;2;1
171;1220;25;6
130;1220;2;5
76;1220;3;4
154;1221;1;5
76;1221;5;4
139;1221;2;3
571;1221;3;2
53;1221;2;1
134;1222;2;7
177;1222;30;6
571;1222;2;5
76;1222;3;4
132;1222;2;3
133;1222;2;2
30;1222;2;1
438;762;1;9
405;910;1;7
171;910;15;6
102;910;2;5
130;910;3;4
7;780;1;7
161;1208;1;2
30;1270;3;3
154;906;1;7
175;1270;25;2
154;1270;2;1
176;1109;20;8
548;1032;1;6
549;1033;1;7
589;1223;1;1
169;737;20;6
896;1033;1;6
438;1226;1;9
96;906;2;6
237;1224;1;3
275;1224;4;2
76;1224;7;1
438;1225;1;7
651;1225;1;6
23;1225;10;5
592;1225;1;4
60;1225;2;3
651;1226;1;8
177;1226;10;7
592;1226;1;6
275;1226;4;5
132;1226;4;4
133;1226;2;3
877;1227;1;4
166;1227;25;3
33;1227;2;2
62;1227;2;1
134;1265;1;5
154;1265;1;4
646;1265;3;3
275;1265;3;2
27;1265;4;1
177;1229;15;4
237;1229;1;3
46;1229;2;2
57;1229;2;1
275;65;3;4
438;626;1;8
886;1230;1;14
593;1230;1;13
595;1230;1;12
154;1273;1;4
275;1273;3;3
861;1500;1;5
651;626;1;7
277;1273;6;2
47;1273;3;1
547;1274;1;5
862;1274;1;4
15;1230;1;11
129;1230;1;10
245;1230;1;9
275;1500;2;4
266;1230;1;8
91;1230;1;7
27;1230;1;6
270;1230;1;5
651;1091;1;3
380;1230;1;4
64;1231;2;3
414;1231;1;2
593;1231;4;1
547;1232;1;7
160;1232;35;6
27;1232;3;5
133;1232;3;4
235;1232;2;3
109;1232;2;2
96;1232;2;1
350;904;1;5
275;904;4;4
64;904;4;3
413;904;8;2
237;1233;1;5
16;1233;1;4
275;1233;3;3
235;1233;2;2
595;1233;6;1
18;732;6;3
275;732;3;2
68;732;2;1
76;1234;30;3
76;1235;50;2
32;1235;40;1
76;1236;60;2
36;1236;40;1
28;1237;40;2
470;1237;30;1
209;1238;10;2
458;1238;20;1
133;1239;20;4
103;1239;20;3
57;1240;30;1
132;1240;15;2
27;1240;25;3
76;1241;60;2
458;1241;40;1
76;1242;60;2
67;1242;40;1
76;1243;60;2
235;1243;40;1
76;1244;60;2
275;1361;3;2
76;1245;40;2
364;1245;30;1
27;1246;30;3
132;1246;10;2
46;1246;30;1
76;1247;60;2
35;1247;40;1
216;1248;30;1
76;1248;40;2
76;1249;40;5
27;1249;15;3
56;1249;30;2
76;1250;40;3
27;1250;20;2
52;1250;40;1
271;1251;20;3
422;1251;20;1
76;1252;50;2
43;1252;40;1
76;1253;50;2
44;1253;40;1
76;1254;60;2
38;1254;40;1
234;1230;1;3
269;1230;1;2
483;1230;1;1
23;921;15;9
365;1255;5;6
350;1255;2;5
275;1255;12;4
64;1255;10;3
181;1249;15;1
606;1023;1;12
48;738;2;1
448;1256;1;9
16;1256;1;9
20;1256;1;8
27;1256;2;7
271;1256;2;6
13;1256;2;5
102;1256;2;4
1;1256;3;3
423;1256;2;2
467;1256;2;1
878;575;1;7
271;575;2;6
13;575;2;5
817;1011;1;3
707;1011;1;2
737;1011;1;1
611;1023;1;11
604;1023;1;10
601;1023;1;9
608;1023;1;8
616;1023;1;7
605;1023;1;6
609;1023;1;5
602;1023;1;4
610;1023;1;3
600;1023;1;2
176;1377;10;2
166;1377;10;1
130;1378;2;3
132;930;2;2
43;930;2;1
98;1257;2;7
176;1257;30;6
275;1257;3;5
133;1257;2;4
15;1257;4;3
132;1257;4;2
44;1257;2;1
651;1258;1;10
171;1258;3;9
23;1258;5;8
461;1258;1;7
132;1258;2;6
27;1258;2;5
133;1258;2;4
2;1258;2;3
46;1258;2;2
275;574;4;3
422;574;3;2
21;574;1;1
21;740;1;1
167;1034;1;2
27;1495;8;1
775;1018;1;1
166;1034;1;1
275;1259;4;3
68;1259;2;2
21;1259;1;1
98;1260;2;6
154;1260;1;5
27;1260;4;4
109;1260;2;3
101;1260;3;2
55;1260;2;1
23;1261;5;7
592;1261;1;6
76;1261;2;5
18;1261;2;4
132;1261;2;3
102;1261;2;2
130;1261;3;1
181;1262;25;5
275;1262;3;4
47;624;2;1
133;1262;6;3
27;1262;4;2
57;1262;2;1
27;1379;4;1
878;1068;1;1
121;850;1;6
49;1239;20;1
628;850;1;5
630;850;1;4
633;850;1;3
97;850;2;2
275;1352;3;5
131;850;2;1
100;1352;3;4
2;1352;2;3
132;1352;4;2
49;1352;2;1
102;1211;1;3
101;1211;1;2
466;1211;1;1
886;1212;1;23
12;1212;1;22
839;1212;1;21
837;1212;1;20
546;1500;1;6
838;1212;1;19
835;1212;1;18
23;788;15;6
716;1211;1;39
121;1211;1;38
697;1211;1;37
698;1211;1;36
696;1211;1;35
693;1211;1;34
694;1211;1;33
628;1211;1;32
97;1211;1;31
125;1211;1;30
7;1284;1;9
467;1211;1;29
122;1211;1;28
868;1281;1;3
630;1211;1;27
119;1211;1;26
123;1211;1;25
130;1211;1;24
181;615;5;5
118;1211;1;23
637;1211;1;22
116;1211;1;21
100;1211;1;20
270;1212;1;16
115;1211;1;19
113;1211;1;18
112;1211;1;17
423;1211;1;16
111;1211;1;15
55;350;2;2
110;1211;1;14
76;154;5;2
55;154;2;1
171;373;10;7
23;373;15;6
438;623;1;12
651;623;1;11
175;623;5;10
23;623;5;9
636;623;1;8
76;906;4;4
365;351;15;6
468;1264;1;13
460;1264;1;12
462;1264;1;11
592;1264;1;10
102;1264;10;9
101;1264;10;8
130;1264;10;7
139;1264;10;6
133;1264;10;5
27;1264;10;4
132;1264;10;3
76;979;4;4
275;979;4;3
108;570;2;6
38;925;3;1
134;581;2;6
636;581;1;5
154;1371;1;6
171;569;15;6
448;602;1;7
16;602;1;6
571;850;2;10
438;741;1;9
237;424;1;6
136;761;3;5
595;600;5;3
21;600;1;1
7;474;1;7
546;1140;1;3
717;1033;1;5
896;778;1;3
651;762;1;8
98;762;2;7
636;762;1;6
438;664;1;8
651;664;1;7
438;1061;1;10
12;1143;3;6
154;1143;1;5
131;461;2;2
68;461;2;1
131;598;2;2
68;598;2;1
131;935;2;2
48;935;2;1
159;940;1;7
84;940;2;5
234;1374;4;2
470;1374;2;1
438;439;1;10
651;439;1;9
84;1103;5;2
470;1103;2;1
175;611;5;6
411;611;1;5
438;170;1;10
651;170;1;9
651;948;1;7
136;948;2;6
136;916;2;4
137;916;2;3
438;627;1;7
651;627;1;6
651;402;1;8
130;402;2;7
130;238;3;2
235;238;2;1
139;239;2;2
235;239;2;1
101;210;2;2
235;210;2;1
235;241;2;2
76;241;4;1
108;251;2;2
235;251;2;1
139;252;3;2
235;252;2;1
438;254;1;8
438;256;1;10
651;256;1;9
27;692;3;2
235;692;2;1
438;584;1;9
651;584;1;8
76;1370;3;2
571;1370;2;1
16;668;1;7
140;668;1;6
235;71;1;2
43;71;2;1
17;1281;1;2
67;1281;4;1
167;76;20;2
235;76;2;1
438;536;1;11
651;536;1;10
136;1504;2;5
680;996;2;3
593;996;2;2
21;1510;1;1
859;1504;1;4
133;1509;8;3
595;996;2;1
46;1509;2;1
2;739;2;2
162;362;5;6
136;1269;2;3
132;1269;5;2
234;1269;3;1
162;785;15;6
405;785;1;5
108;785;2;4
171;783;5;6
233;783;1;5
646;783;2;4
275;783;4;3
275;785;3;3
1;1303;2;3
132;728;3;3
636;77;1;4
175;77;15;3
275;77;4;2
53;77;4;1
181;1228;25;3
461;1228;1;2
62;1228;2;1
23;657;5;6
461;657;1;5
84;657;4;4
133;657;3;3
646;657;2;2
48;657;2;1
62;979;2;2
21;979;1;1
76;1080;3;5
275;1080;4;4
438;1126;1;10
651;1126;1;9
15;1212;1;8
38;1081;2;2
275;1083;4;2
57;1083;2;1
416;1139;3;2
52;1139;2;1
76;1078;5;3
116;1078;3;2
438;1084;1;9
651;1084;1;8
84;1122;3;2
62;1122;2;1
132;1063;2;2
48;1063;2;1
123;1225;3;2
76;1225;5;1
123;1226;3;2
136;1226;2;1
102;1094;2;2
49;1094;2;1
275;1114;4;2
44;1114;2;1
67;1117;2;1
121;1098;2;2
48;1098;2;1
27;1099;4;2
277;1099;10;1
102;1119;2;2
44;1119;2;1
97;1070;2;3
275;1070;4;2
101;1049;2;2
55;1049;2;1
23;148;5;8
462;148;1;7
225;947;2;3
101;947;2;2
651;1261;1;8
275;1086;4;5
76;1086;3;3
44;1076;2;2
21;1076;1;1
132;708;4;3
133;708;3;2
23;1267;5;5
461;1267;1;4
133;1125;2;2
48;1125;2;1
33;623;2;2
21;623;1;1
21;1075;1;1
97;1062;4;2
48;1062;3;1
275;1077;4;2
132;1077;4;1
133;741;3;2
68;741;2;1
380;1120;3;2
48;1120;2;1
108;1145;2;2
55;1145;2;1
76;762;4;2
68;762;2;1
2;664;3;2
133;664;3;1
118;846;5;2
76;846;5;1
49;1258;2;1
438;1258;1;11
438;581;1;8
651;581;1;7
882;1518;1;6
130;545;2;7
76;545;3;5
27;545;3;4
109;545;2;3
133;545;2;2
49;545;2;1
438;540;1;10
651;540;1;9
98;540;2;8
592;540;1;7
76;540;4;6
139;540;2;5
818;1069;1;8
23;1271;15;7
592;1271;1;6
571;1271;2;5
76;1271;4;4
133;1271;2;3
139;1271;2;2
23;1272;10;8
592;1272;1;7
131;1272;2;6
96;1272;2;5
102;1272;2;4
275;1272;3;3
413;1272;4;2
38;1272;2;1
154;1564;1;6
76;764;40;2
13;765;20;3
103;765;25;2
76;841;40;2
426;841;30;1
446;480;1;7
446;481;1;8
405;1273;1;5
617;1023;1;14
448;391;1;6
15;369;4;2
771;1018;1;4
772;1018;1;3
711;1018;1;2
275;1563;4;4
133;1563;3;3
132;1563;4;2
134;130;1;6
17;130;1;5
139;130;2;4
98;618;2;8
154;618;1;7
275;618;3;6
133;618;2;5
98;612;2;6
76;1239;20;5
459;1479;5;7
98;1275;2;6
411;1275;1;5
275;1275;3;4
139;1275;2;3
133;1275;2;2
76;1275;4;1
13;1479;3;5
98;1276;2;6
154;1276;1;5
275;1276;3;4
139;1276;2;3
133;1276;2;2
76;1276;4;1
658;1277;1;8
98;1277;2;7
23;1277;10;6
460;1277;1;5
275;1277;3;4
139;1277;2;3
133;1277;2;2
76;1277;4;1
658;1278;1;10
136;1278;1;9
154;1278;1;8
139;1278;2;7
27;1278;2;6
76;1278;2;5
18;1278;2;4
132;1278;2;3
571;1278;2;2
35;1278;2;1
134;1279;1;8
23;1279;15;7
411;1279;1;6
76;1279;2;5
133;1279;2;4
103;1279;2;3
102;1279;2;2
49;1279;2;1
133;1479;3;3
646;1280;2;8
411;1280;1;7
76;1280;3;6
130;1280;3;5
136;1280;2;4
102;1280;2;3
44;1280;2;2
21;1280;1;1
137;864;20;4
136;864;20;3
76;864;40;2
571;864;20;1
646;1211;1;12
122;731;3;4
275;731;4;3
68;731;2;2
76;729;5;2
275;729;4;1
53;65;2;3
55;65;2;2
162;65;60;1
102;327;2;3
109;327;3;2
27;327;5;1
162;1282;5;6
154;1282;1;5
275;1282;3;4
133;1282;3;3
132;1282;4;2
275;1331;3;4
21;1564;1;1
121;1282;3;1
98;1283;2;6
154;1283;1;5
275;1283;3;4
27;1283;3;3
133;1283;3;2
132;1283;4;1
154;1284;1;8
139;1284;2;7
275;1284;4;6
27;1284;2;5
76;1284;2;4
133;1284;2;3
132;1284;2;2
7;1285;1;9
154;1285;1;8
139;1285;2;7
275;1285;3;6
27;1285;2;5
76;1285;2;4
133;1285;2;3
132;1285;2;2
35;1285;2;1
868;1286;1;9
547;1286;1;8
139;1286;2;7
275;1286;4;6
27;1286;2;5
76;1286;2;4
133;1286;2;3
132;1286;2;2
38;1286;2;1
11;854;1;4
146;854;1;3
458;854;2;2
680;854;5;1
133;1520;3;2
682;1037;1;6
27;1371;8;4
275;1371;4;3
27;1037;1;5
413;1448;1;6
255;1448;1;5
269;1448;1;4
483;1212;1;9
136;1037;1;4
76;1037;1;3
275;1378;2;4
467;1037;1;2
835;1031;1;8
810;1031;1;7
811;1031;1;6
593;1031;1;5
68;1563;2;1
133;1562;3;3
466;1037;1;1
76;1544;8;2
32;1544;2;1
840;1019;1;2
842;1019;1;1
689;1046;1;7
688;1046;1;6
687;1046;1;5
686;1046;1;4
685;1046;1;3
684;1046;1;2
683;1046;1;1
878;1287;1;6
275;1287;2;5
27;1287;1;4
76;1287;1;3
18;1287;1;2
132;1287;1;1
739;1451;1;3
168;1450;25;3
739;1450;1;2
106;698;2;1
55;694;1;1
67;1303;2;1
171;145;5;10
275;1394;45;3
64;1394;45;2
271;1394;40;1
21;155;1;1
416;1054;3;1
233;1032;1;1
76;779;3;4
136;779;2;3
102;779;2;2
216;1393;2;1
109;1074;2;2
308;855;20;5
67;329;2;1
1;420;3;1
13;717;3;4
133;1290;30;3
132;1290;40;2
275;1290;30;1
275;1291;20;5
133;1291;20;4
27;1291;20;3
76;1291;20;2
132;1291;20;1
102;715;10;3
380;1031;1;2
270;1031;1;1
458;1450;4;1
46;1451;2;2
103;1518;2;2
49;1518;2;1
44;779;2;1
105;1211;1;7
571;1211;1;6
714;494;4;1
61;1294;1;4
53;1294;2;3
703;1294;1;2
21;1294;1;1
446;1295;1;5
651;1295;1;4
703;1295;1;3
868;1295;1;2
35;1295;2;1
235;1296;1;3
703;1296;1;2
154;1296;1;1
446;1296;1;5
651;1296;1;4
169;1297;5;7
23;1297;15;6
592;1297;1;5
704;1297;4;4
76;1297;4;3
136;1297;2;2
21;1297;1;1
233;1298;1;5
154;1298;1;4
704;1298;2;3
76;1298;4;2
136;1298;2;1
651;1370;1;7
159;1299;1;6
133;1299;2;5
704;1299;2;4
76;1299;4;3
116;1299;3;2
48;1299;2;1
448;103;1;6
16;103;1;5
168;1301;25;6
76;1301;6;5
275;1301;3;4
96;1301;2;3
133;1301;2;2
218;1301;2;1
168;1302;25;6
76;1302;4;5
133;1302;2;4
103;1302;2;3
102;1302;2;2
49;1302;2;1
103;1303;2;9
166;1303;15;8
167;1303;5;7
76;1303;3;6
102;1303;2;5
133;1303;3;4
134;1304;2;6
460;1304;1;5
571;1304;2;4
76;1304;4;3
137;1304;2;2
136;1304;2;1
98;1305;2;6
154;1305;1;5
571;1305;2;4
76;1305;4;3
137;1305;2;2
136;1305;2;1
162;1306;20;6
109;1306;2;5
102;1306;2;4
27;1306;4;3
136;1306;2;2
43;1306;2;1
177;1307;20;6
168;1307;10;5
96;1307;2;4
109;1307;2;3
225;1307;6;2
166;1308;15;4
1;1308;4;3
27;1308;5;2
55;1308;2;1
108;1309;4;4
1;1309;4;3
27;1309;6;2
55;1309;2;1
171;1310;5;3
154;1310;1;2
235;1310;2;1
308;1311;20;3
40;1311;1;2
67;1311;2;1
23;1312;15;9
154;1312;1;8
275;1312;4;7
139;1312;2;6
113;1312;2;5
133;1312;2;4
76;1312;3;3
27;1312;3;2
132;1312;3;1
83;914;1;3
92;1072;1;3
119;1072;1;2
132;1072;2;1
794;1420;15;2
76;1313;50;2
21;1420;1;1
172;1089;25;5
133;1313;50;1
102;660;2;5
23;1314;10;8
868;1314;1;7
17;1314;1;6
76;1314;4;5
109;1314;2;4
132;1314;2;3
133;1314;2;2
67;1314;2;1
23;1315;10;7
17;1315;1;6
275;1315;3;5
133;1315;2;4
27;1315;2;3
277;1315;5;2
38;1315;3;1
181;1316;5;8
461;1316;1;7
275;1316;3;6
133;1316;2;5
101;1316;2;4
130;1316;2;3
28;1316;4;2
47;1316;2;1
169;1317;5;9
136;1317;2;8
154;1317;1;7
102;1317;2;6
139;1317;2;5
116;1317;2;4
76;1317;4;3
275;1317;4;2
62;1317;2;1
98;527;2;6
23;527;10;5
154;527;1;4
438;1454;1;7
154;1454;1;6
459;1455;5;6
23;1455;10;5
237;1455;1;4
136;1319;20;5
139;1319;20;4
27;1319;20;3
571;1319;20;2
35;1319;20;1
76;1320;40;4
123;1320;20;3
97;1320;20;2
44;1320;20;1
868;1085;1;6
162;1321;5;7
154;1321;1;6
737;1009;1;3
574;1009;1;2
707;1009;1;1
109;1321;2;4
133;1321;2;3
132;1321;4;2
133;647;2;4
101;647;2;3
103;647;2;2
49;647;2;1
682;1448;1;7
171;536;5;9
2;1322;3;4
275;1322;4;3
133;1322;3;2
132;1322;4;1
61;341;2;2
21;341;1;1
275;340;4;2
219;340;4;1
21;339;1;1
133;1323;3;2
132;1323;4;1
710;1324;1;4
275;1324;3;3
133;1324;3;2
132;1324;4;1
233;1325;1;7
275;1325;3;6
646;1325;2;5
136;1325;2;4
133;1325;3;3
76;1325;3;2
21;1325;1;1
134;1326;1;5
12;1326;3;4
154;1326;1;3
275;1326;3;2
76;1326;5;1
825;1463;1;1
134;1327;1;8
592;1327;1;7
108;1327;2;6
76;1327;4;5
133;1327;2;4
103;1327;2;3
102;1327;2;2
49;1327;2;1
76;1353;4;3
154;1329;1;5
119;1329;4;4
43;1329;2;3
275;1329;3;2
636;1330;1;6
131;1330;2;5
275;1330;4;4
133;1330;3;3
132;1330;4;2
235;1330;2;1
133;1331;2;3
27;1331;2;2
448;1332;1;7
16;1332;1;6
140;1332;1;5
271;1332;2;4
637;1332;2;3
102;1332;2;2
277;1332;5;1
891;1333;1;4
76;1333;4;3
154;1333;1;2
116;1333;6;1
166;1334;5;5
154;1334;1;4
101;1334;2;3
76;1334;8;2
32;1334;2;1
98;1335;2;6
662;1335;1;5
275;1335;3;4
133;1335;2;3
27;1335;2;2
277;1335;5;1
103;1336;2;6
23;1336;10;5
17;1336;1;4
130;1336;2;3
277;1336;5;2
30;1336;2;1
98;1337;2;6
23;1337;10;5
460;1337;1;4
27;1337;2;3
133;1337;2;2
277;1337;5;1
154;1338;1;4
416;1338;2;3
116;1338;2;2
680;1338;4;1
714;1339;4;2
62;1339;2;1
891;1339;1;6
23;1339;15;5
17;1339;1;4
133;1339;3;3
98;1340;2;5
166;1340;25;4
130;1340;2;3
109;1340;2;2
714;1340;6;1
546;1341;1;5
17;1341;1;4
133;1341;2;3
714;1341;4;2
136;1341;2;1
7;1342;1;7
154;1342;1;6
275;1342;4;5
108;1342;2;4
27;1342;8;3
55;1342;2;2
38;1342;2;1
405;1343;1;3
638;1344;2;7
651;1344;1;6
438;1344;1;5
154;1344;1;4
131;1344;4;3
139;1344;4;2
651;1346;1;6
891;1345;1;5
76;1345;10;4
159;1345;1;3
438;1346;1;5
17;1345;1;2
154;1346;1;4
714;1346;3;3
595;1346;3;2
116;1346;2;1
139;1347;2;4
133;1347;2;3
714;1347;4;2
116;1347;2;1
233;1348;1;8
154;1348;1;7
171;1348;5;6
110;1348;2;5
43;1348;2;4
275;1348;4;3
133;1348;4;2
132;1348;6;1
233;1349;1;8
438;1352;1;9
154;1349;1;7
275;1349;3;6
133;1349;2;5
136;1349;2;4
76;1349;4;3
123;1349;2;2
60;1349;2;1
171;1350;5;8
154;1350;1;7
275;1350;3;6
60;1350;2;5
123;1350;2;4
133;1350;2;3
76;1350;4;2
136;1350;2;1
171;1351;5;7
154;1351;1;6
275;1351;3;5
43;1351;2;4
110;1351;2;3
133;1351;3;2
132;1351;4;1
130;987;2;5
646;987;2;4
109;987;2;3
571;987;2;2
102;987;2;1
739;221;1;8
275;1379;3;4
166;1391;25;6
32;1391;2;5
133;1391;3;4
132;1391;4;3
275;1391;4;2
387;486;1;8
311;927;8;1
271;1050;10;1
448;487;1;5
35;1410;2;1
98;818;2;6
133;1379;3;3
416;1379;4;2
109;221;2;7
739;1380;1;6
275;1380;4;5
64;1380;2;4
133;1380;3;3
271;1380;4;2
23;1381;5;8
739;1381;1;7
137;1381;2;6
76;1381;5;5
133;1381;2;4
136;1381;2;3
35;1381;1;2
53;1381;2;1
158;780;1;6
275;780;3;5
133;780;2;4
98;784;2;7
7;784;1;6
739;784;1;5
275;784;3;4
133;784;2;3
98;780;2;3
61;794;2;2
21;794;1;1
166;1382;20;4
175;1382;10;3
877;1382;1;2
35;1382;2;1
168;1383;25;4
739;1383;1;3
49;1383;2;2
40;1383;2;1
130;1384;3;5
877;1384;1;4
27;1384;3;3
76;1384;4;2
47;1384;2;1
169;1385;5;6
877;1385;1;5
27;1385;4;4
133;1385;3;3
139;1385;3;2
35;1385;2;1
470;1520;2;4
868;1386;1;4
27;1386;9;3
275;1386;4;2
38;1386;2;1
868;844;1;5
233;844;1;4
27;844;9;3
171;1387;5;7
23;1387;15;6
154;1387;1;5
76;1387;6;4
27;1387;9;3
275;1387;4;2
38;1387;2;1
132;470;4;2
38;470;2;1
468;1073;1;8
275;1073;2;7
27;1073;2;6
76;1073;2;5
132;1073;2;4
83;1388;25;4
102;1388;25;3
766;1178;1;6
13;1388;25;2
271;1388;25;1
11;1147;2;4
387;839;1;5
11;1148;1;4
467;1149;4;3
16;1150;1;4
412;1151;3;3
209;1167;2;1
140;1095;1;1
387;493;1;7
387;494;1;6
448;497;1;6
225;498;8;5
216;482;2;1
27;480;4;1
132;481;4;1
843;1021;1;3
840;1021;1;2
754;1021;1;1
438;1389;1;10
651;1389;1;9
868;1389;1;8
275;1389;3;7
27;1389;2;6
76;1389;2;5
18;1389;2;4
132;1389;2;3
96;1389;2;2
130;1389;2;1
154;1390;1;5
161;1390;25;4
275;1390;3;3
133;1390;3;2
132;1390;4;1
739;1069;1;5
76;1392;70;2
759;1392;2;1
64;1163;2;1
225;1380;3;1
47;465;2;1
271;1373;4;1
21;880;1;1
763;1395;1;8
448;1395;1;7
16;1395;1;6
143;1395;1;5
76;1395;6;4
209;1395;2;3
97;1395;2;2
637;1395;2;1
763;1396;1;9
448;1396;1;8
16;1396;1;7
143;1396;1;6
271;1396;2;5
13;1396;2;4
102;1396;2;3
106;1396;2;2
83;1396;2;1
760;1397;70;1
761;1397;2;2
76;1397;70;3
763;1398;1;5
448;1398;1;4
16;1398;1;3
140;1398;1;2
422;1398;2;1
763;1399;1;9
448;1399;1;8
16;1399;1;7
140;1399;1;6
102;1399;2;5
76;1399;2;4
132;1399;2;3
83;1399;3;2
422;1399;2;1
350;1400;1;3
23;1400;25;2
764;1400;6;1
862;1401;1;6
27;1401;2;5
102;1401;2;4
277;1401;5;3
275;1401;3;2
47;1401;2;1
862;1402;1;5
133;1402;4;4
132;1402;6;3
275;1402;3;2
47;1402;2;1
76;1403;8;2
68;1403;2;1
862;1403;1;4
133;1403;2;3
862;1404;1;5
76;1404;6;4
108;1404;2;3
109;1404;2;2
35;1404;2;1
36;47;4;4
176;1405;20;5
133;1405;3;4
275;1405;4;3
27;1405;3;2
28;1405;3;1
50;817;4;5
1;817;10;4
275;817;4;3
133;817;3;2
154;1409;1;5
133;1409;5;4
76;1409;5;3
131;1409;5;2
154;1563;1;5
177;1475;25;4
166;1471;25;5
76;1475;10;3
166;1492;20;6
895;143;1;6
103;1475;3;2
23;1410;10;5
17;1410;1;4
136;1410;2;3
783;1410;8;2
766;1411;1;9
448;1411;1;8
16;1411;1;7
140;1411;1;6
83;1411;2;5
102;1411;2;4
13;1411;2;3
271;1411;4;2
422;1411;2;1
154;1412;1;2
796;1412;10;1
766;1008;1;1
767;1008;1;2
23;1413;15;5
17;1413;1;4
133;1413;3;3
76;1413;4;2
68;1413;2;1
171;1414;25;3
788;1414;8;2
44;1414;2;1
171;1415;3;5
23;1415;10;4
17;1415;1;3
136;1415;2;2
802;1415;8;1
91;1416;2;4
180;1416;25;3
275;1416;3;2
804;1416;8;1
103;1417;2;5
98;1417;2;4
181;1417;25;3
130;1417;3;2
792;1417;6;1
23;1418;15;3
17;1418;1;2
787;1418;10;1
154;1419;1;2
790;1419;10;1
636;1420;1;3
168;1421;20;3
225;1421;4;2
806;1421;10;1
134;1422;2;4
17;1422;1;3
801;1422;6;2
136;1422;2;1
166;1423;20;3
793;1423;10;2
67;1423;2;1
448;1424;1;4
16;1424;1;3
140;1424;1;2
795;1424;10;1
868;1425;1;2
791;1425;15;1
175;1426;20;3
788;1426;10;2
44;1426;2;1
171;1427;5;5
23;1427;10;4
136;1427;2;3
462;1427;1;2
799;1427;10;1
438;1428;1;7
651;1428;1;6
23;1428;10;5
592;1428;1;4
102;1428;2;3
130;1428;3;2
792;1428;5;1
154;1429;1;3
792;1429;5;2
803;1429;10;1
98;1430;2;3
154;1430;1;2
800;1430;15;1
438;1431;1;5
651;1431;1;4
134;1431;2;3
411;1431;1;2
805;1431;10;1
7;1432;1;3
154;1432;1;2
800;1432;15;1
98;1433;2;4
7;1433;1;3
158;1433;1;2
800;1433;15;1
7;1434;1;4
154;1434;1;3
791;1434;15;2
55;1434;2;1
171;1435;5;4
233;1435;1;3
646;1435;2;2
784;1435;10;1
98;1436;2;4
7;1436;1;3
739;1436;1;2
800;1436;15;1
868;1437;1;3
233;1437;1;2
791;1437;15;1
98;1438;2;4
7;1438;1;3
154;1438;1;2
799;1438;15;1
171;1439;5;6
233;1439;1;5
154;1439;1;4
110;1439;2;3
43;1439;2;2
784;1439;15;1
891;1440;1;6
172;1440;5;5
411;1440;1;4
139;1440;3;3
76;1440;6;2
47;1440;2;1
415;852;5;3
105;852;2;2
216;852;1;1
139;1441;2;4
154;1441;1;3
275;1441;2;2
886;1441;6;1
76;1442;5;5
628;1442;5;4
646;1442;5;3
1;1442;8;2
68;1442;2;1
16;1443;1;4
11;1443;2;3
64;1443;25;2
225;1443;50;1
91;1444;2;6
275;1444;3;5
237;1444;1;4
108;1444;2;3
27;1444;6;2
55;1444;2;1
91;1445;8;5
350;1445;1;4
275;1445;3;3
64;1445;2;2
21;1445;1;1
68;1446;3;6
154;1446;1;5
275;1446;4;4
27;1446;5;3
76;1446;5;2
21;1446;1;1
166;1003;50;5
350;1135;2;5
413;1135;35;4
275;1135;12;3
365;869;10;5
350;869;4;4
413;869;50;3
275;869;25;2
64;869;25;1
21;1135;1;2
413;1255;20;2
21;1255;1;1
592;1069;1;4
136;1447;2;6
169;1447;20;5
275;1447;4;4
133;1447;7;3
132;1447;5;2
48;1447;4;1
470;1500;2;2
483;1448;1;3
234;1448;1;2
661;1448;1;1
350;1453;1;6
16;1453;1;5
171;1453;3;4
43;1453;2;3
275;1453;4;2
18;1453;8;1
139;428;3;2
21;474;1;1
462;1069;1;2
405;1033;1;1
833;1014;1;1
76;1455;4;3
133;1455;4;2
819;1455;2;1
23;1456;10;6
154;1456;1;5
76;1456;5;4
125;1456;2;3
139;1456;3;2
819;1456;2;1
868;1457;1;5
76;1457;4;4
136;1457;3;3
234;1457;2;2
819;1457;2;1
462;1458;1;7
275;1458;3;6
76;1458;4;5
133;1458;2;4
122;1458;2;3
130;1458;2;2
819;1458;2;1
168;1459;5;8
152;1459;1;7
628;1459;2;6
275;1459;4;5
27;1459;4;4
18;1459;4;3
819;1459;2;2
21;1459;1;1
166;1460;25;5
27;1460;4;4
109;1460;2;3
1;1460;2;2
829;1460;2;1
234;1461;4;2
829;1461;2;1
166;1461;25;5
423;1461;2;4
133;1461;3;3
448;977;1;5
16;977;1;4
143;977;1;3
20;977;1;2
829;977;2;1
67;1462;2;4
36;1462;3;3
459;1462;30;2
162;1462;30;1
828;1463;1;9
827;1463;1;8
878;1463;1;7
91;1463;1;6
826;1463;1;5
57;745;50;4
133;745;40;3
275;745;40;2
132;745;70;1
177;1463;20;4
102;1463;10;3
116;1464;2;11
12;1464;1;10
827;1464;1;9
154;1464;1;8
886;856;4;5
886;1464;5;7
826;1464;1;6
67;1464;5;5
166;1464;20;4
109;1464;10;3
76;1464;10;2
714;1465;3;11
827;1465;1;10
154;1465;1;9
234;1465;8;8
826;1465;1;7
177;1465;10;6
180;1465;10;5
44;1465;3;4
130;1465;10;3
76;1465;10;2
825;1465;1;1
139;1466;3;11
827;1466;1;10
35;1466;2;9
895;1112;1;7
459;1466;10;8
269;1466;8;7
826;1466;1;6
181;1466;20;5
68;1466;3;4
133;1466;10;3
76;1466;10;2
152;903;1;6
168;903;5;5
64;903;4;4
133;903;4;3
275;903;4;2
18;903;6;1
154;1511;1;8
764;1467;3;5
175;1467;10;4
275;1467;4;3
133;1467;3;2
132;1467;4;1
172;1468;5;5
237;1468;1;4
459;1468;25;3
44;1468;4;2
275;1468;4;1
180;1469;10;5
166;1469;15;4
27;1469;4;3
225;1469;4;2
47;1469;2;1
169;1470;25;7
60;1470;2;6
275;1470;4;5
123;1470;2;4
27;1470;3;3
18;1470;2;2
76;1470;3;1
76;1471;3;4
829;1471;2;3
82;1471;4;2
13;1471;4;1
438;1472;1;8
651;1472;1;7
154;1472;1;6
82;1472;2;5
13;1472;2;4
271;1472;3;3
829;1472;2;2
136;1472;2;1
448;1473;1;8
830;1473;1;7
16;1473;1;6
752;1473;1;5
13;1473;3;4
76;1473;4;3
637;1473;3;2
829;1473;2;1
108;1474;2;5
459;1474;25;4
27;1474;4;3
76;1474;4;2
829;1474;2;1
102;1475;3;1
275;143;3;5
308;327;15;4
438;1476;1;8
651;1476;1;7
154;1476;1;6
53;1476;2;5
139;1476;2;4
116;1476;3;3
76;1476;4;2
132;1476;4;1
654;1032;1;5
91;1477;5;5
308;1477;20;4
36;1477;2;3
109;1477;2;2
1;1477;3;1
836;1478;3;5
835;1478;3;4
837;1478;3;3
838;1478;3;2
834;1478;3;1
277;1500;5;3
682;1031;1;12
839;1031;1;11
837;1031;1;10
838;1031;1;9
92;1212;1;14
255;1212;1;13
661;1212;1;12
234;1212;1;11
269;1212;1;10
355;1293;1;1
166;543;33;5
845;1021;1;5
844;1021;1;4
840;1027;1;2
846;1027;1;1
16;265;1;6
166;711;5;5
76;317;10;1
162;570;20;5
275;413;3;2
47;413;2;1
76;1479;3;2
35;1479;2;1
139;1318;20;3
133;1318;20;2
782;832;1;1
102;1492;3;5
1;1492;2;4
62;1492;2;3
848;1492;6;2
177;1493;30;6
275;1493;3;5
1;1493;4;4
848;1493;2;3
27;1493;4;2
132;1493;2;1
154;1494;1;6
275;1494;3;5
416;1494;3;4
116;1494;3;3
27;1494;4;2
848;1494;2;1
854;1481;1;1
852;1482;1;1
895;1554;1;6
856;1484;1;1
858;1485;1;1
275;1562;4;4
840;1487;1;3
67;333;2;1
846;1487;1;2
851;1489;1;1
840;1489;1;2
44;336;2;1
67;334;2;1
850;1487;1;1
840;1485;1;2
132;1562;4;2
825;1466;1;1
840;1482;1;2
21;1521;1;1
665;1068;1;3
76;1515;4;3
458;1562;2;1
636;1069;1;6
460;1069;1;3
237;1495;1;6
57;1495;2;5
275;1495;3;4
40;1495;2;3
109;1495;4;2
161;310;25;4
171;1496;50;4
459;1496;25;3
67;1496;3;2
36;1496;2;1
7;1497;1;5
411;1497;1;4
275;1497;3;3
277;1497;5;2
136;1497;3;1
432;1498;1;6
16;1498;1;5
865;1498;1;4
432;1499;1;6
27;1498;4;3
848;1498;2;2
129;1498;2;1
16;1499;1;5
865;1499;1;4
38;1499;3;3
76;1499;6;2
139;1499;3;1
7;1501;1;4
860;1501;1;3
103;1501;4;2
277;1501;5;1
48;352;2;4
275;352;3;3
133;352;3;2
132;352;4;1
102;1500;3;1
76;1518;4;5
133;1518;2;4
102;1518;2;3
350;790;1;5
554;790;1;4
48;790;3;3
275;790;2;2
18;790;6;1
886;1502;1;4
714;1502;3;3
129;1502;3;2
92;1502;3;1
139;781;2;5
137;781;3;4
132;781;2;3
18;781;3;2
56;781;3;1
275;791;3;4
68;791;3;3
133;791;2;2
18;791;8;1
651;791;1;7
438;791;1;6
154;791;1;5
168;1503;25;4
275;1503;3;3
46;1503;3;2
271;1503;8;1
438;1117;1;7
882;1519;1;4
132;1519;4;3
171;382;3;4
105;365;1;1
13;675;8;4
752;1068;1;19
350;444;1;5
859;1521;1;7
40;1521;3;6
1;1521;3;5
27;1521;4;4
132;1521;3;3
859;1522;1;6
275;1522;4;5
133;1522;2;4
27;1522;3;3
277;1522;5;2
877;1523;1;6
275;1523;3;5
861;1524;1;6
275;1524;4;5
133;1524;2;4
27;1524;3;3
277;1524;5;2
874;1524;1;1
32;1522;2;1
237;1525;1;6
275;1525;4;5
133;1525;2;4
27;1525;3;3
277;1525;5;2
46;1525;2;1
868;1526;1;5
133;1526;3;4
91;1526;2;3
277;1526;5;2
38;1526;2;1
12;970;3;4
350;970;1;3
275;970;4;2
18;970;8;1
12;768;2;6
23;768;15;4
133;768;2;2
18;768;6;1
448;520;1;8
12;1527;2;3
13;1527;1;2
715;1212;1;15
12;1230;1;15
121;1528;2;6
166;1528;25;5
132;1528;6;4
98;1528;2;3
46;1528;2;2
275;1528;3;1
255;1529;2;6
64;1529;3;5
27;1529;8;4
275;1529;1;3
17;1529;1;2
21;1529;1;1
255;1530;2;6
64;1530;3;5
275;1530;4;4
27;1530;8;3
859;1530;1;2
21;1530;1;1
49;1531;2;5
860;1531;1;4
27;1531;4;3
109;1531;4;2
136;1531;2;1
168;1532;20;5
275;1532;4;4
101;1532;2;3
57;1532;2;2
132;1532;6;1
448;1533;1;9
16;1533;1;8
143;1533;1;7
83;1533;4;6
76;1533;4;5
271;1533;2;4
97;1533;2;3
106;1533;2;2
470;1533;2;1
76;1534;40;2
422;1534;30;1
405;1535;1;5
150;1535;1;4
76;1535;5;3
136;1535;2;2
67;1535;2;1
438;1536;1;8
651;1536;1;7
98;1536;2;6
181;1536;25;5
13;1536;3;4
18;1536;2;3
132;1536;3;2
68;1536;2;1
861;1537;1;4
168;1537;25;3
275;1537;4;2
62;1537;4;1
861;1538;1;6
133;1538;3;5
132;1538;3;4
634;1538;2;3
97;1538;2;2
216;1538;2;1
628;1539;2;6
861;1539;1;5
27;1539;5;4
133;1539;3;3
275;1539;3;2
53;1539;2;1
255;305;3;4
27;1492;4;1
98;1494;2;7
760;1493;2;7
825;1464;1;1
866;852;1;4
18;769;7;1
735;1292;1;5
733;1292;1;4
892;1540;2;6
154;1540;1;5
64;1540;2;4
275;1540;2;3
27;1540;8;2
21;1540;1;1
134;1541;2;6
156;1541;1;5
133;1541;2;4
27;1541;3;3
76;1541;3;2
32;1541;2;1
438;1542;1;11
651;1542;1;10
134;1542;2;9
460;1542;1;8
275;1542;3;7
27;1542;2;6
18;1542;2;5
76;1542;2;4
133;1542;2;3
136;1542;2;2
68;1542;2;1
134;1543;2;8
154;1543;1;7
136;1543;2;6
76;1543;10;5
137;1543;2;4
714;1543;2;3
886;1543;2;2
458;1543;2;1
175;1544;5;5
23;1544;15;4
136;1544;2;3
181;1545;5;7
23;1545;15;6
133;1545;2;5
275;1545;4;4
98;1545;2;3
30;1545;2;2
132;1545;6;1
27;1546;2;7
133;1546;2;6
177;1546;5;5
859;1546;1;4
277;1546;5;3
139;1546;2;2
30;1546;2;1
103;1547;2;6
27;1547;3;5
166;1547;20;4
133;1547;2;3
136;1547;3;2
47;1547;2;1
38;1548;2;5
177;1548;20;4
271;1548;4;3
18;1548;2;2
13;1548;4;1
166;1549;20;6
275;1549;2;5
67;1549;2;4
76;1549;6;3
27;1549;2;2
892;1549;2;1
662;1550;1;5
415;1550;5;4
133;1550;3;3
275;1550;3;2
60;1550;2;1
166;1551;20;5
169;1551;10;4
76;1551;5;3
102;1551;2;2
109;1551;3;1
177;1552;10;6
308;1552;10;5
109;1552;2;4
102;1552;3;3
27;1552;5;2
47;1552;2;1
460;586;1;5
662;1553;1;5
415;1553;5;4
133;1553;3;3
275;1553;3;2
893;1553;2;1
308;1554;20;5
1;1554;3;4
97;1554;2;3
27;1554;5;2
893;1554;2;1
662;1555;1;5
415;1555;5;4
133;1555;3;3
275;1555;3;2
218;1555;2;1
868;902;1;5
275;902;3;4
97;902;2;3
76;902;6;2
21;902;1;1
171;795;25;3
275;795;4;2
61;795;3;1
166;1556;25;6
123;1556;2;5
130;1556;2;4
27;1556;3;3
28;1556;3;2
38;1556;2;1
877;1557;1;5
96;1557;2;4
133;1557;2;3
132;1557;4;2
48;1557;2;1
859;1558;1;5
101;1558;2;4
27;1558;8;3
275;1558;3;2
62;1558;2;1
98;1558;3;6
175;1559;25;5
96;1559;2;4
133;1559;3;3
132;1559;4;2
48;1559;2;1
168;1560;15;4
64;1560;3;3
133;1560;10;2
152;1561;1;4
23;1561;15;3
64;1561;2;2
2;1561;8;1
